<?xml version="1.0" encoding="UTF-8"?>
<export version="D">
  <design>
    <source>/Users/jmassucco17/Documents/Northeastern/Past Semesters/2016 Fall/OpenLoop/full_electrical/BatteryBoard/BatteryBoard.sch</source>
    <date>Monday, December 26, 2016 'PMt' 10:37:36 PM</date>
    <tool>Eeschema 4.0.4-stable</tool>
    <sheet number="1" name="/" tstamps="/">
      <title_block>
        <title>BatteryBoard</title>
        <company>OpenLoop</company>
        <rev/>
        <date/>
        <source>BatteryBoard.sch</source>
        <comment number="1" value=""/>
        <comment number="2" value=""/>
        <comment number="3" value=""/>
        <comment number="4" value=""/>
      </title_block>
    </sheet>
    <sheet number="2" name="/bq78350 Companion Controller/" tstamps="/58339E23/">
      <title_block>
        <title/>
        <company/>
        <rev/>
        <date/>
        <source>bq78350Companion.sch</source>
        <comment number="1" value=""/>
        <comment number="2" value=""/>
        <comment number="3" value=""/>
        <comment number="4" value=""/>
      </title_block>
    </sheet>
    <sheet number="3" name="/bq76930 Analog Front End/" tstamps="/58327F5E/">
      <title_block>
        <title/>
        <company/>
        <rev/>
        <date/>
        <source>bq76930AFE.sch</source>
        <comment number="1" value=""/>
        <comment number="2" value=""/>
        <comment number="3" value=""/>
        <comment number="4" value=""/>
      </title_block>
    </sheet>
  </design>
  <components>
    <comp ref="J102">
      <value>CONN_01X02</value>
      <footprint>hyperCustom:CONN_PHOENIX_1844210_2PIN</footprint>
      <fields>
        <field name="Mfg.">Phoenix</field>
        <field name="Mfg. PN">1844210</field>
        <field name="DigiKey PN">277-2416-ND</field>
      </fields>
      <libsource lib="conn" part="CONN_01X02"/>
      <sheetpath names="/" tstamps="/"/>
      <tstamp>5858CC92</tstamp>
    </comp>
    <comp ref="J101">
      <value>CONN_01X11</value>
      <footprint>hyperCustom:CONN_PHOENIX_1881545_11PIN</footprint>
      <fields>
        <field name="Mfg.">Phoenix</field>
        <field name="Mfg. PN">1881545</field>
        <field name="DigiKey PN">277-1451-ND</field>
      </fields>
      <libsource lib="conn" part="CONN_01X11"/>
      <sheetpath names="/" tstamps="/"/>
      <tstamp>5858D949</tstamp>
    </comp>
    <comp ref="J103">
      <value>CONN_01X02</value>
      <footprint>hyperCustom:CONN_PHOENIX_1844210_2PIN</footprint>
      <fields>
        <field name="Mfg.">Phoenix</field>
        <field name="Mfg. PN">1844210</field>
        <field name="DigiKey PN">277-2416-ND</field>
      </fields>
      <libsource lib="conn" part="CONN_01X02"/>
      <sheetpath names="/" tstamps="/"/>
      <tstamp>5858D2B1</tstamp>
    </comp>
    <comp ref="J104">
      <value>CONN_01X04</value>
      <footprint>hyperCustom:CONN_PHOENIX_1844236_4PIN</footprint>
      <fields>
        <field name="Mfg.">Phoenix</field>
        <field name="Mfg. PN">1844236</field>
        <field name="DigiKey PN">277-2419-ND</field>
      </fields>
      <libsource lib="conn" part="CONN_01X04"/>
      <sheetpath names="/" tstamps="/"/>
      <tstamp>585BA1DE</tstamp>
    </comp>
    <comp ref="R101">
      <value>0</value>
      <footprint>Resistors_SMD:R_0805_HandSoldering</footprint>
      <fields>
        <field name="Mfg.">Yageo</field>
        <field name="Mfg. PN">RC0805JR-070RL</field>
        <field name="DigiKey PN">311-0.0ARCT-ND</field>
      </fields>
      <libsource lib="device" part="R"/>
      <sheetpath names="/" tstamps="/"/>
      <tstamp>585BA9EC</tstamp>
    </comp>
    <comp ref="R102">
      <value>0</value>
      <footprint>Resistors_SMD:R_0805_HandSoldering</footprint>
      <fields>
        <field name="Mfg.">Yageo</field>
        <field name="Mfg. PN">RC0805JR-070RL</field>
        <field name="DigiKey PN">311-0.0ARCT-ND</field>
      </fields>
      <libsource lib="device" part="R"/>
      <sheetpath names="/" tstamps="/"/>
      <tstamp>585BA9F6</tstamp>
    </comp>
    <comp ref="R103">
      <value>0</value>
      <footprint>Resistors_SMD:R_0805_HandSoldering</footprint>
      <fields>
        <field name="Mfg.">Yageo</field>
        <field name="Mfg. PN">RC0805JR-070RL</field>
        <field name="DigiKey PN">311-0.0ARCT-ND</field>
      </fields>
      <libsource lib="device" part="R"/>
      <sheetpath names="/" tstamps="/"/>
      <tstamp>585BAA00</tstamp>
    </comp>
    <comp ref="R104">
      <value>0</value>
      <footprint>Resistors_SMD:R_0805_HandSoldering</footprint>
      <fields>
        <field name="Mfg.">Yageo</field>
        <field name="Mfg. PN">RC0805JR-070RL</field>
        <field name="DigiKey PN">311-0.0ARCT-ND</field>
      </fields>
      <libsource lib="device" part="R"/>
      <sheetpath names="/" tstamps="/"/>
      <tstamp>585BAA0A</tstamp>
    </comp>
    <comp ref="D101">
      <value>DIODE</value>
      <footprint>hyperCustom:DD-PAK_TO263_SingleDiode_ThermalVias</footprint>
      <fields>
        <field name="Mfg.">Vishay</field>
        <field name="Mfg. PN">VB30100S-E3/8W</field>
        <field name="DigiKey PN">VB30100S-E3/8WGICT-ND</field>
      </fields>
      <libsource lib="diode_pin" part="DIODE_PIN"/>
      <sheetpath names="/" tstamps="/"/>
      <tstamp>585C59E4</tstamp>
    </comp>
    <comp ref="R105">
      <value>0</value>
      <footprint>Resistors_SMD:R_2512_HandSoldering</footprint>
      <fields>
        <field name="Mfg.">Stackpole</field>
        <field name="Mfg. PN">HCJ2512ZT0R00</field>
        <field name="DigiKey PN">HCJ2512ZT0R00CT-ND</field>
      </fields>
      <libsource lib="device" part="R"/>
      <sheetpath names="/" tstamps="/"/>
      <tstamp>585C672E</tstamp>
    </comp>
    <comp ref="J105">
      <value>MOUNTING_HOLE</value>
      <footprint>hyperCustom:MountingHole_5.5mm_Pad_Via</footprint>
      <libsource lib="mounting_hole" part="MOUNTING_HOLE"/>
      <sheetpath names="/" tstamps="/"/>
      <tstamp>5860AFBE</tstamp>
    </comp>
    <comp ref="J106">
      <value>MOUNTING_HOLE</value>
      <footprint>hyperCustom:MountingHole_5.5mm_Pad_Via</footprint>
      <libsource lib="mounting_hole" part="MOUNTING_HOLE"/>
      <sheetpath names="/" tstamps="/"/>
      <tstamp>5860C65B</tstamp>
    </comp>
    <comp ref="J107">
      <value>MOUNTING_HOLE</value>
      <footprint>hyperCustom:MountingHole_5.5mm_Pad_Via</footprint>
      <libsource lib="mounting_hole" part="MOUNTING_HOLE"/>
      <sheetpath names="/" tstamps="/"/>
      <tstamp>5860C732</tstamp>
    </comp>
    <comp ref="J108">
      <value>MOUNTING_HOLE</value>
      <footprint>hyperCustom:MountingHole_5.5mm_Pad_Via</footprint>
      <libsource lib="mounting_hole" part="MOUNTING_HOLE"/>
      <sheetpath names="/" tstamps="/"/>
      <tstamp>5860C80E</tstamp>
    </comp>
    <comp ref="R201">
      <value>10k</value>
      <footprint>Resistors_SMD:R_0805_HandSoldering</footprint>
      <fields>
        <field name="Mfg.">Vishay Dale</field>
        <field name="Mfg. PN">CRCW080510K0FKEA</field>
        <field name="DigiKey PN">541-10.0KCCT-ND</field>
      </fields>
      <libsource lib="device" part="R"/>
      <sheetpath names="/bq78350 Companion Controller/" tstamps="/58339E23/"/>
      <tstamp>58341163</tstamp>
    </comp>
    <comp ref="U201">
      <value>bq78350</value>
      <footprint>hyperCustom:AB2_TSSOP30_0p50P</footprint>
      <fields>
        <field name="Mfg.">Texas Instruments</field>
        <field name="Mfg. PN">BQ78350DBTR-R1</field>
        <field name="DigiKey PN">296-44315-1-ND</field>
      </fields>
      <libsource lib="bq78350" part="bq78350"/>
      <sheetpath names="/bq78350 Companion Controller/" tstamps="/58339E23/"/>
      <tstamp>58341633</tstamp>
    </comp>
    <comp ref="Q201">
      <value>NPN</value>
      <footprint>hyperCustom:SOT-23_Handsoldering</footprint>
      <fields>
        <field name="Mfg.">ON Semi</field>
        <field name="Mfg. PN">MMBTA92</field>
        <field name="DigiKey PN">MMBTA92FSCT-ND</field>
      </fields>
      <libsource lib="mmbta92fsct-nd" part="MMBTA92FSCT-ND"/>
      <sheetpath names="/bq78350 Companion Controller/" tstamps="/58339E23/"/>
      <tstamp>584CEB22</tstamp>
    </comp>
    <comp ref="R202">
      <value>10k</value>
      <footprint>Resistors_SMD:R_0805_HandSoldering</footprint>
      <fields>
        <field name="Mfg.">Vishay Dale</field>
        <field name="Mfg. PN">CRCW080510K0FKEA</field>
        <field name="DigiKey PN">541-10.0KCCT-ND</field>
      </fields>
      <libsource lib="device" part="R"/>
      <sheetpath names="/bq78350 Companion Controller/" tstamps="/58339E23/"/>
      <tstamp>584CEC92</tstamp>
    </comp>
    <comp ref="R203">
      <value>5.6k</value>
      <footprint>Resistors_SMD:R_2512_HandSoldering</footprint>
      <fields>
        <field name="Mfg.">Panasonic</field>
        <field name="Mfg. PN">ERJ-1TYJ562U</field>
        <field name="DigiKey PN">PT5.6KXCT-ND</field>
      </fields>
      <libsource lib="device" part="R"/>
      <sheetpath names="/bq78350 Companion Controller/" tstamps="/58339E23/"/>
      <tstamp>584CF949</tstamp>
    </comp>
    <comp ref="D202">
      <value>16V</value>
      <footprint>hyperCustom:SOD-123</footprint>
      <fields>
        <field name="Mfg.">Diodes</field>
        <field name="Mfg. PN">MMSZ5246B-7-F</field>
        <field name="DigiKey PN">MMSZ5246B-FDICT-ND</field>
      </fields>
      <libsource lib="device" part="ZENER"/>
      <sheetpath names="/bq78350 Companion Controller/" tstamps="/58339E23/"/>
      <tstamp>584CFB21</tstamp>
    </comp>
    <comp ref="R206">
      <value>0</value>
      <footprint>Resistors_SMD:R_0805_HandSoldering</footprint>
      <fields>
        <field name="Mfg.">Yageo</field>
        <field name="Mfg. PN">RC0805JR-070RL</field>
        <field name="DigiKey PN">311-0.0ARCT-ND</field>
      </fields>
      <libsource lib="device" part="R"/>
      <sheetpath names="/bq78350 Companion Controller/" tstamps="/58339E23/"/>
      <tstamp>584D3094</tstamp>
    </comp>
    <comp ref="R230">
      <value>Raddr</value>
      <footprint>Resistors_SMD:R_0805_HandSoldering</footprint>
      <libsource lib="device" part="R"/>
      <sheetpath names="/bq78350 Companion Controller/" tstamps="/58339E23/"/>
      <tstamp>584DD3C0</tstamp>
    </comp>
    <comp ref="D205">
      <value>LED</value>
      <footprint>LEDs:LED_1206</footprint>
      <fields>
        <field name="Mfg.">Kingbright</field>
        <field name="Mfg. PN">APT3216LZGCK</field>
        <field name="DigiKey PN">754-1944-1-ND</field>
      </fields>
      <libsource lib="device" part="LED"/>
      <sheetpath names="/bq78350 Companion Controller/" tstamps="/58339E23/"/>
      <tstamp>584DE053</tstamp>
    </comp>
    <comp ref="R232">
      <value>100k</value>
      <footprint>Resistors_SMD:R_0805_HandSoldering</footprint>
      <fields>
        <field name="Mfg.">Vishay Dale</field>
        <field name="Mfg. PN">CRCW0805221KFKEA</field>
        <field name="DigiKey PN">541-221KCCT-ND</field>
      </fields>
      <libsource lib="device" part="R"/>
      <sheetpath names="/bq78350 Companion Controller/" tstamps="/58339E23/"/>
      <tstamp>584DE712</tstamp>
    </comp>
    <comp ref="D203">
      <value>5.6V</value>
      <footprint>Diodes_SMD:SOD-323_HandSoldering</footprint>
      <fields>
        <field name="Mfg.">Diodes</field>
        <field name="Mfg. PN">MMSZ5232BS-7-F</field>
        <field name="DigiKey PN">MMSZ5232BS-FDICT-ND</field>
      </fields>
      <libsource lib="device" part="ZENER"/>
      <sheetpath names="/bq78350 Companion Controller/" tstamps="/58339E23/"/>
      <tstamp>584DF92F</tstamp>
    </comp>
    <comp ref="R221">
      <value>499k</value>
      <footprint>Resistors_SMD:R_0805_HandSoldering</footprint>
      <fields>
        <field name="Mfg.">TE Connectivity</field>
        <field name="Mfg. PN">6-2176094-0</field>
        <field name="DigiKey PN">A110802CT-ND</field>
      </fields>
      <libsource lib="device" part="R"/>
      <sheetpath names="/bq78350 Companion Controller/" tstamps="/58339E23/"/>
      <tstamp>584E40F5</tstamp>
    </comp>
    <comp ref="R222">
      <value>11.3k</value>
      <footprint>Resistors_SMD:R_0805_HandSoldering</footprint>
      <fields>
        <field name="Mfg.">TE Connectivity</field>
        <field name="Mfg. PN">2176093-9</field>
        <field name="DigiKey PN">A110644CT-ND</field>
      </fields>
      <libsource lib="device" part="R"/>
      <sheetpath names="/bq78350 Companion Controller/" tstamps="/58339E23/"/>
      <tstamp>584E4525</tstamp>
    </comp>
    <comp ref="C202">
      <value>3300pF</value>
      <footprint>Capacitors_SMD:C_0805_HandSoldering</footprint>
      <fields>
        <field name="Mfg.">Kemet</field>
        <field name="Mfg. PN">C0805C332K5RACTU</field>
        <field name="DigiKey PN">399-1153-1-ND</field>
      </fields>
      <libsource lib="device" part="C"/>
      <sheetpath names="/bq78350 Companion Controller/" tstamps="/58339E23/"/>
      <tstamp>584E45ED</tstamp>
    </comp>
    <comp ref="C201">
      <value>0.1uF</value>
      <footprint>Capacitors_SMD:C_0805_HandSoldering</footprint>
      <fields>
        <field name="Mfg.">Murata</field>
        <field name="Mfg. PN">GCM21BR71H104KA37K</field>
        <field name="DigiKey PN">490-8049-1-ND</field>
      </fields>
      <libsource lib="device" part="C"/>
      <sheetpath names="/bq78350 Companion Controller/" tstamps="/58339E23/"/>
      <tstamp>584F0559</tstamp>
    </comp>
    <comp ref="R204">
      <value>10k</value>
      <footprint>Resistors_SMD:R_0805_HandSoldering</footprint>
      <fields>
        <field name="Mfg.">Vishay Dale</field>
        <field name="Mfg. PN">CRCW080510K0FKEA</field>
        <field name="DigiKey PN">541-10.0KCCT-ND</field>
      </fields>
      <libsource lib="device" part="R"/>
      <sheetpath names="/bq78350 Companion Controller/" tstamps="/58339E23/"/>
      <tstamp>584F0D4E</tstamp>
    </comp>
    <comp ref="R207">
      <value>0</value>
      <footprint>Resistors_SMD:R_0805_HandSoldering</footprint>
      <fields>
        <field name="Mfg.">Yageo</field>
        <field name="Mfg. PN">RC0805JR-070RL</field>
        <field name="DigiKey PN">311-0.0ARCT-ND</field>
      </fields>
      <libsource lib="device" part="R"/>
      <sheetpath names="/bq78350 Companion Controller/" tstamps="/58339E23/"/>
      <tstamp>584F136B</tstamp>
    </comp>
    <comp ref="R209">
      <value>0</value>
      <footprint>Resistors_SMD:R_0805_HandSoldering</footprint>
      <fields>
        <field name="Mfg.">Yageo</field>
        <field name="Mfg. PN">RC0805JR-070RL</field>
        <field name="DigiKey PN">311-0.0ARCT-ND</field>
      </fields>
      <libsource lib="device" part="R"/>
      <sheetpath names="/bq78350 Companion Controller/" tstamps="/58339E23/"/>
      <tstamp>584F15D1</tstamp>
    </comp>
    <comp ref="R210">
      <value>0</value>
      <footprint>Resistors_SMD:R_0805_HandSoldering</footprint>
      <fields>
        <field name="Mfg.">Yageo</field>
        <field name="Mfg. PN">RC0805JR-070RL</field>
        <field name="DigiKey PN">311-0.0ARCT-ND</field>
      </fields>
      <libsource lib="device" part="R"/>
      <sheetpath names="/bq78350 Companion Controller/" tstamps="/58339E23/"/>
      <tstamp>584F1681</tstamp>
    </comp>
    <comp ref="R211">
      <value>0</value>
      <footprint>Resistors_SMD:R_0805_HandSoldering</footprint>
      <fields>
        <field name="Mfg.">Yageo</field>
        <field name="Mfg. PN">RC0805JR-070RL</field>
        <field name="DigiKey PN">311-0.0ARCT-ND</field>
      </fields>
      <libsource lib="device" part="R"/>
      <sheetpath names="/bq78350 Companion Controller/" tstamps="/58339E23/"/>
      <tstamp>584F171D</tstamp>
    </comp>
    <comp ref="R212">
      <value>0</value>
      <footprint>Resistors_SMD:R_0805_HandSoldering</footprint>
      <fields>
        <field name="Mfg.">Yageo</field>
        <field name="Mfg. PN">RC0805JR-070RL</field>
        <field name="DigiKey PN">311-0.0ARCT-ND</field>
      </fields>
      <libsource lib="device" part="R"/>
      <sheetpath names="/bq78350 Companion Controller/" tstamps="/58339E23/"/>
      <tstamp>584F17BE</tstamp>
    </comp>
    <comp ref="R213">
      <value>0</value>
      <footprint>Resistors_SMD:R_0805_HandSoldering</footprint>
      <fields>
        <field name="Mfg.">Yageo</field>
        <field name="Mfg. PN">RC0805JR-070RL</field>
        <field name="DigiKey PN">311-0.0ARCT-ND</field>
      </fields>
      <libsource lib="device" part="R"/>
      <sheetpath names="/bq78350 Companion Controller/" tstamps="/58339E23/"/>
      <tstamp>584F1862</tstamp>
    </comp>
    <comp ref="R214">
      <value>0</value>
      <footprint>Resistors_SMD:R_0805_HandSoldering</footprint>
      <fields>
        <field name="Mfg.">Yageo</field>
        <field name="Mfg. PN">RC0805JR-070RL</field>
        <field name="DigiKey PN">311-0.0ARCT-ND</field>
      </fields>
      <libsource lib="device" part="R"/>
      <sheetpath names="/bq78350 Companion Controller/" tstamps="/58339E23/"/>
      <tstamp>584F190A</tstamp>
    </comp>
    <comp ref="R215">
      <value>0</value>
      <footprint>Resistors_SMD:R_0805_HandSoldering</footprint>
      <fields>
        <field name="Mfg.">Yageo</field>
        <field name="Mfg. PN">RC0805JR-070RL</field>
        <field name="DigiKey PN">311-0.0ARCT-ND</field>
      </fields>
      <libsource lib="device" part="R"/>
      <sheetpath names="/bq78350 Companion Controller/" tstamps="/58339E23/"/>
      <tstamp>584F19B3</tstamp>
    </comp>
    <comp ref="R205">
      <value>10k</value>
      <footprint>Resistors_SMD:R_0805_HandSoldering</footprint>
      <fields>
        <field name="Mfg.">Vishay Dale</field>
        <field name="Mfg. PN">CRCW080510K0FKEA</field>
        <field name="DigiKey PN">541-10.0KCCT-ND</field>
      </fields>
      <libsource lib="device" part="R"/>
      <sheetpath names="/bq78350 Companion Controller/" tstamps="/58339E23/"/>
      <tstamp>584FBD84</tstamp>
    </comp>
    <comp ref="D201">
      <value>DIODE</value>
      <footprint>hyperCustom:SOD-123</footprint>
      <fields>
        <field name="Mfg.">Diodes</field>
        <field name="Mfg. PN">1N4148W-7-F</field>
        <field name="DigiKey PN">1N4148W-FDICT-ND</field>
      </fields>
      <libsource lib="device" part="DIODE"/>
      <sheetpath names="/bq78350 Companion Controller/" tstamps="/58339E23/"/>
      <tstamp>584FC5E1</tstamp>
    </comp>
    <comp ref="R208">
      <value>1M</value>
      <footprint>Resistors_SMD:R_0805_HandSoldering</footprint>
      <fields>
        <field name="Mfg.">Vishay Dale</field>
        <field name="Mfg. PN">CRCW08051M00FKEA</field>
        <field name="DigiKey PN">541-1.00MCCT-ND</field>
      </fields>
      <libsource lib="device" part="R"/>
      <sheetpath names="/bq78350 Companion Controller/" tstamps="/58339E23/"/>
      <tstamp>584FD4F3</tstamp>
    </comp>
    <comp ref="R216">
      <value>100</value>
      <footprint>Resistors_SMD:R_0805_HandSoldering</footprint>
      <fields>
        <field name="Mfg.">Vishay Dale</field>
        <field name="Mfg. PN">CRCW0805100RFKEA</field>
        <field name="DigiKey PN">541-100CCT-ND</field>
      </fields>
      <libsource lib="device" part="R"/>
      <sheetpath names="/bq78350 Companion Controller/" tstamps="/58339E23/"/>
      <tstamp>584F9933</tstamp>
    </comp>
    <comp ref="R217">
      <value>100</value>
      <footprint>Resistors_SMD:R_0805_HandSoldering</footprint>
      <fields>
        <field name="Mfg.">Vishay Dale</field>
        <field name="Mfg. PN">CRCW0805100RFKEA</field>
        <field name="DigiKey PN">541-100CCT-ND</field>
      </fields>
      <libsource lib="device" part="R"/>
      <sheetpath names="/bq78350 Companion Controller/" tstamps="/58339E23/"/>
      <tstamp>584F9D2C</tstamp>
    </comp>
    <comp ref="R224">
      <value>100</value>
      <footprint>Resistors_SMD:R_0805_HandSoldering</footprint>
      <fields>
        <field name="Mfg.">Vishay Dale</field>
        <field name="Mfg. PN">CRCW0805100RFKEA</field>
        <field name="DigiKey PN">541-100CCT-ND</field>
      </fields>
      <libsource lib="device" part="R"/>
      <sheetpath names="/bq78350 Companion Controller/" tstamps="/58339E23/"/>
      <tstamp>584F9DD2</tstamp>
    </comp>
    <comp ref="R225">
      <value>100</value>
      <footprint>Resistors_SMD:R_0805_HandSoldering</footprint>
      <fields>
        <field name="Mfg.">Vishay Dale</field>
        <field name="Mfg. PN">CRCW0805100RFKEA</field>
        <field name="DigiKey PN">541-100CCT-ND</field>
      </fields>
      <libsource lib="device" part="R"/>
      <sheetpath names="/bq78350 Companion Controller/" tstamps="/58339E23/"/>
      <tstamp>584F9ECE</tstamp>
    </comp>
    <comp ref="R218">
      <value>10k</value>
      <footprint>Resistors_SMD:R_0805_HandSoldering</footprint>
      <fields>
        <field name="Mfg.">Vishay Dale</field>
        <field name="Mfg. PN">CRCW080510K0FKEA</field>
        <field name="DigiKey PN">541-10.0KCCT-ND</field>
      </fields>
      <libsource lib="device" part="R"/>
      <sheetpath names="/bq78350 Companion Controller/" tstamps="/58339E23/"/>
      <tstamp>584FA3BF</tstamp>
    </comp>
    <comp ref="R220">
      <value>10k</value>
      <footprint>Resistors_SMD:R_0805_HandSoldering</footprint>
      <fields>
        <field name="Mfg.">Vishay Dale</field>
        <field name="Mfg. PN">CRCW080510K0FKEA</field>
        <field name="DigiKey PN">541-10.0KCCT-ND</field>
      </fields>
      <libsource lib="device" part="R"/>
      <sheetpath names="/bq78350 Companion Controller/" tstamps="/58339E23/"/>
      <tstamp>584FA596</tstamp>
    </comp>
    <comp ref="D204">
      <value>5.6V</value>
      <footprint>Diodes_SMD:SOD-323_HandSoldering</footprint>
      <fields>
        <field name="Mfg.">Diodes</field>
        <field name="Mfg. PN">MMSZ5232BS-7-F</field>
        <field name="DigiKey PN">MMSZ5232BS-FDICT-ND</field>
      </fields>
      <libsource lib="device" part="ZENER"/>
      <sheetpath names="/bq78350 Companion Controller/" tstamps="/58339E23/"/>
      <tstamp>584FA986</tstamp>
    </comp>
    <comp ref="R219">
      <value>1M</value>
      <footprint>Resistors_SMD:R_0805_HandSoldering</footprint>
      <fields>
        <field name="Mfg.">Vishay Dale</field>
        <field name="Mfg. PN">CRCW08051M00FKEA</field>
        <field name="DigiKey PN">541-1.00MCCT-ND</field>
      </fields>
      <libsource lib="device" part="R"/>
      <sheetpath names="/bq78350 Companion Controller/" tstamps="/58339E23/"/>
      <tstamp>584FB132</tstamp>
    </comp>
    <comp ref="R223">
      <value>1M</value>
      <footprint>Resistors_SMD:R_0805_HandSoldering</footprint>
      <fields>
        <field name="Mfg.">Vishay Dale</field>
        <field name="Mfg. PN">CRCW08051M00FKEA</field>
        <field name="DigiKey PN">541-1.00MCCT-ND</field>
      </fields>
      <libsource lib="device" part="R"/>
      <sheetpath names="/bq78350 Companion Controller/" tstamps="/58339E23/"/>
      <tstamp>584FB3D7</tstamp>
    </comp>
    <comp ref="Q204">
      <value>MOSFET_N</value>
      <footprint>TO_SOT_Packages_SMD:SOT-23_Handsoldering</footprint>
      <fields>
        <field name="Mfg.">ON Semi</field>
        <field name="Mfg. PN">BSS123</field>
        <field name="DigiKey PN">BSS123NCT-ND</field>
      </fields>
      <libsource lib="BST82,215_nfet" part="BST82,215"/>
      <sheetpath names="/bq78350 Companion Controller/" tstamps="/58339E23/"/>
      <tstamp>584FC4A3</tstamp>
    </comp>
    <comp ref="R228">
      <value>1M</value>
      <footprint>Resistors_SMD:R_0805_HandSoldering</footprint>
      <fields>
        <field name="Mfg.">Vishay Dale</field>
        <field name="Mfg. PN">CRCW08051M00FKEA</field>
        <field name="DigiKey PN">541-1.00MCCT-ND</field>
      </fields>
      <libsource lib="device" part="R"/>
      <sheetpath names="/bq78350 Companion Controller/" tstamps="/58339E23/"/>
      <tstamp>584FD120</tstamp>
    </comp>
    <comp ref="R227">
      <value>100k</value>
      <footprint>Resistors_SMD:R_0805_HandSoldering</footprint>
      <fields>
        <field name="Mfg.">Vishay Dale</field>
        <field name="Mfg. PN">CRCW0805100KFKEA</field>
        <field name="DigiKey PN">541-100KCCT-ND</field>
      </fields>
      <libsource lib="device" part="R"/>
      <sheetpath names="/bq78350 Companion Controller/" tstamps="/58339E23/"/>
      <tstamp>584FE931</tstamp>
    </comp>
    <comp ref="R226">
      <value>100k</value>
      <footprint>Resistors_SMD:R_0805_HandSoldering</footprint>
      <fields>
        <field name="Mfg.">Vishay Dale</field>
        <field name="Mfg. PN">CRCW0805100KFKEA</field>
        <field name="DigiKey PN">541-100KCCT-ND</field>
      </fields>
      <libsource lib="device" part="R"/>
      <sheetpath names="/bq78350 Companion Controller/" tstamps="/58339E23/"/>
      <tstamp>584FEB92</tstamp>
    </comp>
    <comp ref="D206">
      <value>16V</value>
      <footprint>hyperCustom:SOD-123</footprint>
      <fields>
        <field name="Mfg.">Diodes</field>
        <field name="Mfg. PN">MMSZ5246B-7-F</field>
        <field name="DigiKey PN">MMSZ5246B-FDICT-ND</field>
      </fields>
      <libsource lib="device" part="ZENER"/>
      <sheetpath names="/bq78350 Companion Controller/" tstamps="/58339E23/"/>
      <tstamp>584FEFA0</tstamp>
    </comp>
    <comp ref="Q203">
      <value>MOSFET_P</value>
      <footprint>TO_SOT_Packages_SMD:SOT-23_Handsoldering</footprint>
      <fields>
        <field name="Mfg.">Diodes</field>
        <field name="Mfg. PN">ZXMP10A13FTA</field>
        <field name="DigiKey PN">ZXMP10A13FCT-ND</field>
      </fields>
      <libsource lib="mos_p_pinnums" part="PFET"/>
      <sheetpath names="/bq78350 Companion Controller/" tstamps="/58339E23/"/>
      <tstamp>585011D5</tstamp>
    </comp>
    <comp ref="R229">
      <value>100k</value>
      <footprint>Resistors_SMD:R_0805_HandSoldering</footprint>
      <fields>
        <field name="Mfg.">Vishay Dale</field>
        <field name="Mfg. PN">CRCW0805100KFKEA</field>
        <field name="DigiKey PN">541-100KCCT-ND</field>
      </fields>
      <libsource lib="device" part="R"/>
      <sheetpath names="/bq78350 Companion Controller/" tstamps="/58339E23/"/>
      <tstamp>58503C79</tstamp>
    </comp>
    <comp ref="R231">
      <value>100k</value>
      <footprint>Resistors_SMD:R_0805_HandSoldering</footprint>
      <fields>
        <field name="Mfg.">Vishay Dale</field>
        <field name="Mfg. PN">CRCW0805100KFKEA</field>
        <field name="DigiKey PN">541-100KCCT-ND</field>
      </fields>
      <libsource lib="device" part="R"/>
      <sheetpath names="/bq78350 Companion Controller/" tstamps="/58339E23/"/>
      <tstamp>5850413C</tstamp>
    </comp>
    <comp ref="C203">
      <value>0.1uF</value>
      <footprint>Capacitors_SMD:C_0805_HandSoldering</footprint>
      <fields>
        <field name="Mfg.">Murata</field>
        <field name="Mfg. PN">GCM21BR71H104KA37K</field>
        <field name="DigiKey PN">490-8049-1-ND</field>
      </fields>
      <libsource lib="device" part="C"/>
      <sheetpath names="/bq78350 Companion Controller/" tstamps="/58339E23/"/>
      <tstamp>58504EC5</tstamp>
    </comp>
    <comp ref="D207">
      <value>LED</value>
      <footprint>LEDs:LED_1206</footprint>
      <fields>
        <field name="Mfg.">Kingbright</field>
        <field name="Mfg. PN">APT3216LZGCK</field>
        <field name="DigiKey PN">754-1944-1-ND</field>
      </fields>
      <libsource lib="device" part="LED"/>
      <sheetpath names="/bq78350 Companion Controller/" tstamps="/58339E23/"/>
      <tstamp>58505CE7</tstamp>
    </comp>
    <comp ref="D208">
      <value>LED</value>
      <footprint>LEDs:LED_1206</footprint>
      <fields>
        <field name="Mfg.">Kingbright</field>
        <field name="Mfg. PN">APT3216LZGCK</field>
        <field name="DigiKey PN">754-1944-1-ND</field>
      </fields>
      <libsource lib="device" part="LED"/>
      <sheetpath names="/bq78350 Companion Controller/" tstamps="/58339E23/"/>
      <tstamp>58505D95</tstamp>
    </comp>
    <comp ref="D209">
      <value>LED</value>
      <footprint>LEDs:LED_1206</footprint>
      <fields>
        <field name="Mfg.">Kingbright</field>
        <field name="Mfg. PN">APT3216LZGCK</field>
        <field name="DigiKey PN">754-1944-1-ND</field>
      </fields>
      <libsource lib="device" part="LED"/>
      <sheetpath names="/bq78350 Companion Controller/" tstamps="/58339E23/"/>
      <tstamp>58505E48</tstamp>
    </comp>
    <comp ref="D210">
      <value>LED</value>
      <footprint>LEDs:LED_1206</footprint>
      <fields>
        <field name="Mfg.">Kingbright</field>
        <field name="Mfg. PN">APT3216LZGCK</field>
        <field name="DigiKey PN">754-1944-1-ND</field>
      </fields>
      <libsource lib="device" part="LED"/>
      <sheetpath names="/bq78350 Companion Controller/" tstamps="/58339E23/"/>
      <tstamp>58505EFB</tstamp>
    </comp>
    <comp ref="SW201">
      <value>SW_PUSH</value>
      <footprint>hyperCustom:SW_Eswitch_KS-01Q-01</footprint>
      <fields>
        <field name="Mfg.">E-Switch</field>
        <field name="Mfg. PN">KS-01Q-01</field>
        <field name="DigiKey PN">EG4791-ND</field>
      </fields>
      <libsource lib="device" part="SW_PUSH"/>
      <sheetpath names="/bq78350 Companion Controller/" tstamps="/58339E23/"/>
      <tstamp>585A231B</tstamp>
    </comp>
    <comp ref="Q202">
      <value>MOSFET_N</value>
      <footprint>TO_SOT_Packages_SMD:SOT-23_Handsoldering</footprint>
      <fields>
        <field name="Mfg.">ON Semi</field>
        <field name="Mfg. PN">BSS123</field>
        <field name="DigiKey PN">BSS123NCT-ND</field>
      </fields>
      <libsource lib="BST82,215_nfet" part="BST82,215"/>
      <sheetpath names="/bq78350 Companion Controller/" tstamps="/58339E23/"/>
      <tstamp>584CF879</tstamp>
    </comp>
    <comp ref="U101">
      <value>bq76930</value>
      <footprint>hyperCustom:AB2_TSSOP30_0p50P</footprint>
      <fields>
        <field name="Mfg.">Texas Instruments</field>
        <field name="Mfg. PN">BQ7693000DBT</field>
        <field name="DigiKey PN">296-39722-5-ND</field>
      </fields>
      <libsource lib="bq76930" part="bq76930"/>
      <sheetpath names="/bq76930 Analog Front End/" tstamps="/58327F5E/"/>
      <tstamp>58328447</tstamp>
    </comp>
    <comp ref="Q304">
      <value>MOSFET_P</value>
      <footprint>TO_SOT_Packages_SMD:SOT-23_Handsoldering</footprint>
      <fields>
        <field name="Mfg.">Diodes</field>
        <field name="Mfg. PN">ZXMP10A13FTA</field>
        <field name="DigiKey PN">ZXMP10A13FCT-ND</field>
      </fields>
      <libsource lib="mos_p_pinnums" part="PFET"/>
      <sheetpath names="/bq76930 Analog Front End/" tstamps="/58327F5E/"/>
      <tstamp>5832A336</tstamp>
    </comp>
    <comp ref="D304">
      <value>DIODE</value>
      <footprint>hyperCustom:SOD-123</footprint>
      <fields>
        <field name="Mfg.">Diodes</field>
        <field name="Mfg. PN">1N4148W-7-F</field>
        <field name="DigiKey PN">1N4148W-FDICT-ND</field>
      </fields>
      <libsource lib="device" part="DIODE"/>
      <sheetpath names="/bq76930 Analog Front End/" tstamps="/58327F5E/"/>
      <tstamp>5832A588</tstamp>
    </comp>
    <comp ref="R322">
      <value>1M</value>
      <footprint>Resistors_SMD:R_0805_HandSoldering</footprint>
      <fields>
        <field name="Mfg.">Vishay Dale</field>
        <field name="Mfg. PN">CRCW08051M00FKEA</field>
        <field name="DigiKey PN">541-1.00MCCT-ND</field>
      </fields>
      <libsource lib="device" part="R"/>
      <sheetpath names="/bq76930 Analog Front End/" tstamps="/58327F5E/"/>
      <tstamp>5832A5C1</tstamp>
    </comp>
    <comp ref="R314">
      <value>0.001</value>
      <footprint>hyperCustom:RSNS_VISHAY_WSR21L000FEA</footprint>
      <fields>
        <field name="Mfg.">Vishay Dale</field>
        <field name="Mfg. PN">WSR21L000FEA</field>
        <field name="DigiKey PN">WSRA-.001CT-ND</field>
      </fields>
      <libsource lib="device" part="R"/>
      <sheetpath names="/bq76930 Analog Front End/" tstamps="/58327F5E/"/>
      <tstamp>5832ABEE</tstamp>
    </comp>
    <comp ref="R313">
      <value>100</value>
      <footprint>Resistors_SMD:R_0805_HandSoldering</footprint>
      <fields>
        <field name="Mfg.">Vishay Dale</field>
        <field name="Mfg. PN">CRCW0805100RFKEA</field>
        <field name="DigiKey PN">541-100CCT-ND</field>
      </fields>
      <libsource lib="device" part="R"/>
      <sheetpath names="/bq76930 Analog Front End/" tstamps="/58327F5E/"/>
      <tstamp>5832ACE0</tstamp>
    </comp>
    <comp ref="C313">
      <value>0.1uF</value>
      <footprint>Capacitors_SMD:C_0805_HandSoldering</footprint>
      <fields>
        <field name="Mfg.">Murata</field>
        <field name="Mfg. PN">GCM21BR71H104KA37K</field>
        <field name="DigiKey PN">490-8049-1-ND</field>
      </fields>
      <libsource lib="device" part="C"/>
      <sheetpath names="/bq76930 Analog Front End/" tstamps="/58327F5E/"/>
      <tstamp>5832AEBB</tstamp>
    </comp>
    <comp ref="C301">
      <value>1uF</value>
      <footprint>Capacitors_SMD:C_0805_HandSoldering</footprint>
      <fields>
        <field name="Mfg.">Murata</field>
        <field name="Mfg. PN">GRM21BR71C105KA01L</field>
        <field name="DigiKey PN">490-1691-1-ND</field>
      </fields>
      <libsource lib="device" part="C"/>
      <sheetpath names="/bq76930 Analog Front End/" tstamps="/58327F5E/"/>
      <tstamp>5832E178</tstamp>
    </comp>
    <comp ref="R301">
      <value>1k</value>
      <footprint>Resistors_SMD:R_0805_HandSoldering</footprint>
      <fields>
        <field name="Mfg.">Vishay Dale</field>
        <field name="Mfg. PN">CRCW08051K00FKEA</field>
        <field name="DigiKey PN">541-1.00KCCT-ND</field>
      </fields>
      <libsource lib="device" part="R"/>
      <sheetpath names="/bq76930 Analog Front End/" tstamps="/58327F5E/"/>
      <tstamp>5832E1F9</tstamp>
    </comp>
    <comp ref="TH301">
      <value>10k</value>
      <footprint>Resistors_SMD:R_1206_HandSoldering</footprint>
      <libsource lib="device" part="THERMISTOR"/>
      <sheetpath names="/bq76930 Analog Front End/" tstamps="/58327F5E/"/>
      <tstamp>58331081</tstamp>
    </comp>
    <comp ref="R324">
      <value>100</value>
      <footprint>Resistors_SMD:R_0805_HandSoldering</footprint>
      <fields>
        <field name="Mfg.">Vishay Dale</field>
        <field name="Mfg. PN">CRCW0805100RFKEA</field>
        <field name="DigiKey PN">541-100CCT-ND</field>
      </fields>
      <libsource lib="device" part="R"/>
      <sheetpath names="/bq76930 Analog Front End/" tstamps="/58327F5E/"/>
      <tstamp>58332126</tstamp>
    </comp>
    <comp ref="C318">
      <value>1uF</value>
      <footprint>Capacitors_SMD:C_1206_HandSoldering</footprint>
      <fields>
        <field name="Mfg.">Murata</field>
        <field name="Mfg. PN">GRM31MR71H105KA88L</field>
        <field name="DigiKey PN">490-6527-1-ND</field>
      </fields>
      <libsource lib="device" part="C"/>
      <sheetpath names="/bq76930 Analog Front End/" tstamps="/58327F5E/"/>
      <tstamp>58332CE7</tstamp>
    </comp>
    <comp ref="C320">
      <value>10uF</value>
      <footprint>Capacitors_SMD:C_1210_HandSoldering</footprint>
      <fields>
        <field name="Mfg.">Murata</field>
        <field name="Mfg. PN">GRM32ER7YA106KA12L</field>
        <field name="DigiKey PN">490-5314-1-ND</field>
      </fields>
      <libsource lib="device" part="C"/>
      <sheetpath names="/bq76930 Analog Front End/" tstamps="/58327F5E/"/>
      <tstamp>583333DC</tstamp>
    </comp>
    <comp ref="C322">
      <value>4.7uF</value>
      <footprint>Capacitors_SMD:C_0805_HandSoldering</footprint>
      <fields>
        <field name="Mfg.">Murata</field>
        <field name="Mfg. PN">GRM21BR71A475KA73L</field>
        <field name="DigiKey PN">490-6480-1-ND</field>
      </fields>
      <libsource lib="device" part="C"/>
      <sheetpath names="/bq76930 Analog Front End/" tstamps="/58327F5E/"/>
      <tstamp>58333C0B</tstamp>
    </comp>
    <comp ref="R316">
      <value>499k</value>
      <footprint>Resistors_SMD:R_0805_HandSoldering</footprint>
      <fields>
        <field name="Mfg.">Vishay Dale</field>
        <field name="Mfg. PN">CRCW0805499KFKEA</field>
        <field name="DigiKey PN">541-499KCCT-ND</field>
      </fields>
      <libsource lib="device" part="R"/>
      <sheetpath names="/bq76930 Analog Front End/" tstamps="/58327F5E/"/>
      <tstamp>5833E463</tstamp>
    </comp>
    <comp ref="C316">
      <value>470pF</value>
      <footprint>Capacitors_SMD:C_0805_HandSoldering</footprint>
      <fields>
        <field name="Mfg.">AVX</field>
        <field name="Mfg. PN">08055C471KAT2A</field>
        <field name="DigiKey PN">478-1367-1-ND</field>
      </fields>
      <libsource lib="device" part="C"/>
      <sheetpath names="/bq76930 Analog Front End/" tstamps="/58327F5E/"/>
      <tstamp>5833E4FF</tstamp>
    </comp>
    <comp ref="D302">
      <value>45V</value>
      <footprint>Diodes_SMD:SMC_Handsoldering</footprint>
      <fields>
        <field name="Mfg.">ON Semi</field>
        <field name="Mfg. PN">SMCJ45A</field>
        <field name="DigiKey PN">SMCJ45AFSCT-ND</field>
      </fields>
      <libsource lib="BatteryBoard-rescue" part="ZENER-RESCUE-BatteryBoard"/>
      <sheetpath names="/bq76930 Analog Front End/" tstamps="/58327F5E/"/>
      <tstamp>5833F7C1</tstamp>
    </comp>
    <comp ref="D301">
      <value>DIODE</value>
      <footprint>Diodes_SMD:SMB_Handsoldering</footprint>
      <fields>
        <field name="Mfg.">ON Semi</field>
        <field name="Mfg. PN">MURS360BT3G</field>
        <field name="DigiKey PN">MURS360BT3GOSCT-ND</field>
      </fields>
      <libsource lib="device" part="DIODE"/>
      <sheetpath names="/bq76930 Analog Front End/" tstamps="/58327F5E/"/>
      <tstamp>58340714</tstamp>
    </comp>
    <comp ref="D305">
      <value>16V</value>
      <footprint>hyperCustom:SOD-123</footprint>
      <fields>
        <field name="Mfg.">Diodes</field>
        <field name="Mfg. PN">MMSZ5246B-7-F</field>
        <field name="DigiKey PN">MMSZ5246B-FDICT-ND</field>
      </fields>
      <libsource lib="device" part="ZENER"/>
      <sheetpath names="/bq76930 Analog Front End/" tstamps="/58327F5E/"/>
      <tstamp>584CB531</tstamp>
    </comp>
    <comp ref="R319">
      <value>0</value>
      <footprint>Resistors_SMD:R_0805_HandSoldering</footprint>
      <libsource lib="device" part="R"/>
      <sheetpath names="/bq76930 Analog Front End/" tstamps="/58327F5E/"/>
      <tstamp>584CBD4A</tstamp>
    </comp>
    <comp ref="C317">
      <value>0.1uF</value>
      <footprint>Capacitors_SMD:C_0805_HandSoldering</footprint>
      <fields>
        <field name="Mfg.">Murata</field>
        <field name="Mfg. PN">GCM21BR72A104KA37L</field>
        <field name="DigiKey PN">490-4789-1-ND</field>
      </fields>
      <libsource lib="device" part="C"/>
      <sheetpath names="/bq76930 Analog Front End/" tstamps="/58327F5E/"/>
      <tstamp>584CE17B</tstamp>
    </comp>
    <comp ref="SW301">
      <value>SW_PUSH</value>
      <footprint>hyperCustom:SW_Eswitch_KS-01Q-01</footprint>
      <fields>
        <field name="Mfg.">E-Switch</field>
        <field name="Mfg. PN">KS-01Q-01</field>
        <field name="DigiKey PN">EG4791-ND</field>
      </fields>
      <libsource lib="device" part="SW_PUSH"/>
      <sheetpath names="/bq76930 Analog Front End/" tstamps="/58327F5E/"/>
      <tstamp>584D017A</tstamp>
    </comp>
    <comp ref="R325">
      <value>3.01k</value>
      <footprint>Resistors_SMD:R_0805_HandSoldering</footprint>
      <fields>
        <field name="Mfg.">Vishay Dale</field>
        <field name="Mfg. PN">CRCW08053K01FKEA</field>
        <field name="DigiKey PN">541-3.01KCCT-ND</field>
      </fields>
      <libsource lib="device" part="R"/>
      <sheetpath names="/bq76930 Analog Front End/" tstamps="/58327F5E/"/>
      <tstamp>584D034B</tstamp>
    </comp>
    <comp ref="R302">
      <value>1k</value>
      <footprint>Resistors_SMD:R_0805_HandSoldering</footprint>
      <fields>
        <field name="Mfg.">Vishay Dale</field>
        <field name="Mfg. PN">CRCW08051K00FKEA</field>
        <field name="DigiKey PN">541-1.00KCCT-ND</field>
      </fields>
      <libsource lib="device" part="R"/>
      <sheetpath names="/bq76930 Analog Front End/" tstamps="/58327F5E/"/>
      <tstamp>584E0CB6</tstamp>
    </comp>
    <comp ref="R303">
      <value>1k</value>
      <footprint>Resistors_SMD:R_0805_HandSoldering</footprint>
      <fields>
        <field name="Mfg.">Vishay Dale</field>
        <field name="Mfg. PN">CRCW08051K00FKEA</field>
        <field name="DigiKey PN">541-1.00KCCT-ND</field>
      </fields>
      <libsource lib="device" part="R"/>
      <sheetpath names="/bq76930 Analog Front End/" tstamps="/58327F5E/"/>
      <tstamp>584E0D6C</tstamp>
    </comp>
    <comp ref="R304">
      <value>1k</value>
      <footprint>Resistors_SMD:R_0805_HandSoldering</footprint>
      <fields>
        <field name="Mfg.">Vishay Dale</field>
        <field name="Mfg. PN">CRCW08051K00FKEA</field>
        <field name="DigiKey PN">541-1.00KCCT-ND</field>
      </fields>
      <libsource lib="device" part="R"/>
      <sheetpath names="/bq76930 Analog Front End/" tstamps="/58327F5E/"/>
      <tstamp>584E0E25</tstamp>
    </comp>
    <comp ref="R305">
      <value>1k</value>
      <footprint>Resistors_SMD:R_0805_HandSoldering</footprint>
      <fields>
        <field name="Mfg.">Vishay Dale</field>
        <field name="Mfg. PN">CRCW08051K00FKEA</field>
        <field name="DigiKey PN">541-1.00KCCT-ND</field>
      </fields>
      <libsource lib="device" part="R"/>
      <sheetpath names="/bq76930 Analog Front End/" tstamps="/58327F5E/"/>
      <tstamp>584E0EDD</tstamp>
    </comp>
    <comp ref="R306">
      <value>1k</value>
      <footprint>Resistors_SMD:R_0805_HandSoldering</footprint>
      <fields>
        <field name="Mfg.">Vishay Dale</field>
        <field name="Mfg. PN">CRCW08051K00FKEA</field>
        <field name="DigiKey PN">541-1.00KCCT-ND</field>
      </fields>
      <libsource lib="device" part="R"/>
      <sheetpath names="/bq76930 Analog Front End/" tstamps="/58327F5E/"/>
      <tstamp>584E0F99</tstamp>
    </comp>
    <comp ref="R307">
      <value>1k</value>
      <footprint>Resistors_SMD:R_0805_HandSoldering</footprint>
      <fields>
        <field name="Mfg.">Vishay Dale</field>
        <field name="Mfg. PN">CRCW08051K00FKEA</field>
        <field name="DigiKey PN">541-1.00KCCT-ND</field>
      </fields>
      <libsource lib="device" part="R"/>
      <sheetpath names="/bq76930 Analog Front End/" tstamps="/58327F5E/"/>
      <tstamp>584E1140</tstamp>
    </comp>
    <comp ref="R308">
      <value>1k</value>
      <footprint>Resistors_SMD:R_0805_HandSoldering</footprint>
      <fields>
        <field name="Mfg.">Vishay Dale</field>
        <field name="Mfg. PN">CRCW08051K00FKEA</field>
        <field name="DigiKey PN">541-1.00KCCT-ND</field>
      </fields>
      <libsource lib="device" part="R"/>
      <sheetpath names="/bq76930 Analog Front End/" tstamps="/58327F5E/"/>
      <tstamp>584E1200</tstamp>
    </comp>
    <comp ref="R309">
      <value>1k</value>
      <footprint>Resistors_SMD:R_0805_HandSoldering</footprint>
      <fields>
        <field name="Mfg.">Vishay Dale</field>
        <field name="Mfg. PN">CRCW08051K00FKEA</field>
        <field name="DigiKey PN">541-1.00KCCT-ND</field>
      </fields>
      <libsource lib="device" part="R"/>
      <sheetpath names="/bq76930 Analog Front End/" tstamps="/58327F5E/"/>
      <tstamp>584E12C6</tstamp>
    </comp>
    <comp ref="R310">
      <value>1k</value>
      <footprint>Resistors_SMD:R_0805_HandSoldering</footprint>
      <fields>
        <field name="Mfg.">Vishay Dale</field>
        <field name="Mfg. PN">CRCW08051K00FKEA</field>
        <field name="DigiKey PN">541-1.00KCCT-ND</field>
      </fields>
      <libsource lib="device" part="R"/>
      <sheetpath names="/bq76930 Analog Front End/" tstamps="/58327F5E/"/>
      <tstamp>584E1390</tstamp>
    </comp>
    <comp ref="R311">
      <value>1k</value>
      <footprint>Resistors_SMD:R_0805_HandSoldering</footprint>
      <fields>
        <field name="Mfg.">Vishay Dale</field>
        <field name="Mfg. PN">CRCW08051K00FKEA</field>
        <field name="DigiKey PN">541-1.00KCCT-ND</field>
      </fields>
      <libsource lib="device" part="R"/>
      <sheetpath names="/bq76930 Analog Front End/" tstamps="/58327F5E/"/>
      <tstamp>584E1499</tstamp>
    </comp>
    <comp ref="R312">
      <value>1k</value>
      <footprint>Resistors_SMD:R_0805_HandSoldering</footprint>
      <fields>
        <field name="Mfg.">Vishay Dale</field>
        <field name="Mfg. PN">CRCW08051K00FKEA</field>
        <field name="DigiKey PN">541-1.00KCCT-ND</field>
      </fields>
      <libsource lib="device" part="R"/>
      <sheetpath names="/bq76930 Analog Front End/" tstamps="/58327F5E/"/>
      <tstamp>584E199F</tstamp>
    </comp>
    <comp ref="C302">
      <value>1uF</value>
      <footprint>Capacitors_SMD:C_0805_HandSoldering</footprint>
      <fields>
        <field name="Mfg.">Murata</field>
        <field name="Mfg. PN">GRM21BR71C105KA01L</field>
        <field name="DigiKey PN">490-1691-1-ND</field>
      </fields>
      <libsource lib="device" part="C"/>
      <sheetpath names="/bq76930 Analog Front End/" tstamps="/58327F5E/"/>
      <tstamp>584E1F25</tstamp>
    </comp>
    <comp ref="C303">
      <value>1uF</value>
      <footprint>Capacitors_SMD:C_0805_HandSoldering</footprint>
      <fields>
        <field name="Mfg.">Murata</field>
        <field name="Mfg. PN">GRM21BR71C105KA01L</field>
        <field name="DigiKey PN">490-1691-1-ND</field>
      </fields>
      <libsource lib="device" part="C"/>
      <sheetpath names="/bq76930 Analog Front End/" tstamps="/58327F5E/"/>
      <tstamp>584E1FEC</tstamp>
    </comp>
    <comp ref="C304">
      <value>1uF</value>
      <footprint>Capacitors_SMD:C_0805_HandSoldering</footprint>
      <fields>
        <field name="Mfg.">Murata</field>
        <field name="Mfg. PN">GRM21BR71C105KA01L</field>
        <field name="DigiKey PN">490-1691-1-ND</field>
      </fields>
      <libsource lib="device" part="C"/>
      <sheetpath names="/bq76930 Analog Front End/" tstamps="/58327F5E/"/>
      <tstamp>584E20B9</tstamp>
    </comp>
    <comp ref="C305">
      <value>1uF</value>
      <footprint>Capacitors_SMD:C_0805_HandSoldering</footprint>
      <fields>
        <field name="Mfg.">Murata</field>
        <field name="Mfg. PN">GRM21BR71C105KA01L</field>
        <field name="DigiKey PN">490-1691-1-ND</field>
      </fields>
      <libsource lib="device" part="C"/>
      <sheetpath names="/bq76930 Analog Front End/" tstamps="/58327F5E/"/>
      <tstamp>584E218B</tstamp>
    </comp>
    <comp ref="C306">
      <value>1uF</value>
      <footprint>Capacitors_SMD:C_0805_HandSoldering</footprint>
      <fields>
        <field name="Mfg.">Murata</field>
        <field name="Mfg. PN">GRM21BR71C105KA01L</field>
        <field name="DigiKey PN">490-1691-1-ND</field>
      </fields>
      <libsource lib="device" part="C"/>
      <sheetpath names="/bq76930 Analog Front End/" tstamps="/58327F5E/"/>
      <tstamp>584E2268</tstamp>
    </comp>
    <comp ref="C307">
      <value>1uF</value>
      <footprint>Capacitors_SMD:C_0805_HandSoldering</footprint>
      <fields>
        <field name="Mfg.">Murata</field>
        <field name="Mfg. PN">GRM21BR71C105KA01L</field>
        <field name="DigiKey PN">490-1691-1-ND</field>
      </fields>
      <libsource lib="device" part="C"/>
      <sheetpath names="/bq76930 Analog Front End/" tstamps="/58327F5E/"/>
      <tstamp>584E259A</tstamp>
    </comp>
    <comp ref="C308">
      <value>1uF</value>
      <footprint>Capacitors_SMD:C_0805_HandSoldering</footprint>
      <fields>
        <field name="Mfg.">Murata</field>
        <field name="Mfg. PN">GRM21BR71C105KA01L</field>
        <field name="DigiKey PN">490-1691-1-ND</field>
      </fields>
      <libsource lib="device" part="C"/>
      <sheetpath names="/bq76930 Analog Front End/" tstamps="/58327F5E/"/>
      <tstamp>584E2666</tstamp>
    </comp>
    <comp ref="C309">
      <value>1uF</value>
      <footprint>Capacitors_SMD:C_0805_HandSoldering</footprint>
      <fields>
        <field name="Mfg.">Murata</field>
        <field name="Mfg. PN">GRM21BR71C105KA01L</field>
        <field name="DigiKey PN">490-1691-1-ND</field>
      </fields>
      <libsource lib="device" part="C"/>
      <sheetpath names="/bq76930 Analog Front End/" tstamps="/58327F5E/"/>
      <tstamp>584E272D</tstamp>
    </comp>
    <comp ref="C310">
      <value>1uF</value>
      <footprint>Capacitors_SMD:C_0805_HandSoldering</footprint>
      <fields>
        <field name="Mfg.">Murata</field>
        <field name="Mfg. PN">GRM21BR71C105KA01L</field>
        <field name="DigiKey PN">490-1691-1-ND</field>
      </fields>
      <libsource lib="device" part="C"/>
      <sheetpath names="/bq76930 Analog Front End/" tstamps="/58327F5E/"/>
      <tstamp>584E2801</tstamp>
    </comp>
    <comp ref="C311">
      <value>1uF</value>
      <footprint>Capacitors_SMD:C_0805_HandSoldering</footprint>
      <fields>
        <field name="Mfg.">Murata</field>
        <field name="Mfg. PN">GRM21BR71C105KA01L</field>
        <field name="DigiKey PN">490-1691-1-ND</field>
      </fields>
      <libsource lib="device" part="C"/>
      <sheetpath names="/bq76930 Analog Front End/" tstamps="/58327F5E/"/>
      <tstamp>584E28D5</tstamp>
    </comp>
    <comp ref="C312">
      <value>1uF</value>
      <footprint>Capacitors_SMD:C_0805_HandSoldering</footprint>
      <fields>
        <field name="Mfg.">Murata</field>
        <field name="Mfg. PN">GRM21BR71C105KA01L</field>
        <field name="DigiKey PN">490-1691-1-ND</field>
      </fields>
      <libsource lib="device" part="C"/>
      <sheetpath names="/bq76930 Analog Front End/" tstamps="/58327F5E/"/>
      <tstamp>584E29B3</tstamp>
    </comp>
    <comp ref="R315">
      <value>100</value>
      <footprint>Resistors_SMD:R_0805_HandSoldering</footprint>
      <fields>
        <field name="Mfg.">Vishay Dale</field>
        <field name="Mfg. PN">CRCW0805100RFKEA</field>
        <field name="DigiKey PN">541-100CCT-ND</field>
      </fields>
      <libsource lib="device" part="R"/>
      <sheetpath names="/bq76930 Analog Front End/" tstamps="/58327F5E/"/>
      <tstamp>584E3E57</tstamp>
    </comp>
    <comp ref="C315">
      <value>0.1uF</value>
      <footprint>Capacitors_SMD:C_0805_HandSoldering</footprint>
      <fields>
        <field name="Mfg.">Murata</field>
        <field name="Mfg. PN">GCM21BR71H104KA37K</field>
        <field name="DigiKey PN">490-8049-1-ND</field>
      </fields>
      <libsource lib="device" part="C"/>
      <sheetpath names="/bq76930 Analog Front End/" tstamps="/58327F5E/"/>
      <tstamp>584E4C0A</tstamp>
    </comp>
    <comp ref="C314">
      <value>0.1uF</value>
      <footprint>Capacitors_SMD:C_0805_HandSoldering</footprint>
      <fields>
        <field name="Mfg.">Murata</field>
        <field name="Mfg. PN">GCM21BR71H104KA37K</field>
        <field name="DigiKey PN">490-8049-1-ND</field>
      </fields>
      <libsource lib="device" part="C"/>
      <sheetpath names="/bq76930 Analog Front End/" tstamps="/58327F5E/"/>
      <tstamp>584E4DAC</tstamp>
    </comp>
    <comp ref="R321">
      <value>1k</value>
      <footprint>Resistors_SMD:R_0805_HandSoldering</footprint>
      <fields>
        <field name="Mfg.">Vishay Dale</field>
        <field name="Mfg. PN">CRCW08051K00FKEA</field>
        <field name="DigiKey PN">541-1.00KCCT-ND</field>
      </fields>
      <libsource lib="device" part="R"/>
      <sheetpath names="/bq76930 Analog Front End/" tstamps="/58327F5E/"/>
      <tstamp>584E0490</tstamp>
    </comp>
    <comp ref="R317">
      <value>1M</value>
      <footprint>Resistors_SMD:R_0805_HandSoldering</footprint>
      <fields>
        <field name="Mfg.">Vishay Dale</field>
        <field name="Mfg. PN">CRCW08051M00FKEA</field>
        <field name="DigiKey PN">541-1.00MCCT-ND</field>
      </fields>
      <libsource lib="device" part="R"/>
      <sheetpath names="/bq76930 Analog Front End/" tstamps="/58327F5E/"/>
      <tstamp>584E0DE6</tstamp>
    </comp>
    <comp ref="R323">
      <value>1M</value>
      <footprint>Resistors_SMD:R_0805_HandSoldering</footprint>
      <fields>
        <field name="Mfg.">Vishay Dale</field>
        <field name="Mfg. PN">CRCW08051M00FKEA</field>
        <field name="DigiKey PN">541-1.00MCCT-ND</field>
      </fields>
      <libsource lib="device" part="R"/>
      <sheetpath names="/bq76930 Analog Front End/" tstamps="/58327F5E/"/>
      <tstamp>584E0EC5</tstamp>
    </comp>
    <comp ref="C319">
      <value>0.1uF</value>
      <footprint>Capacitors_SMD:C_0805_HandSoldering</footprint>
      <fields>
        <field name="Mfg.">Murata</field>
        <field name="Mfg. PN">GCM21BR72A104KA37L</field>
        <field name="DigiKey PN">490-4789-1-ND</field>
      </fields>
      <libsource lib="device" part="C"/>
      <sheetpath names="/bq76930 Analog Front End/" tstamps="/58327F5E/"/>
      <tstamp>584E12B0</tstamp>
    </comp>
    <comp ref="C324">
      <value>1uF</value>
      <footprint>Capacitors_SMD:C_0805_HandSoldering</footprint>
      <fields>
        <field name="Mfg.">Murata</field>
        <field name="Mfg. PN">GRM21BR71C105KA01L</field>
        <field name="DigiKey PN">490-1691-1-ND</field>
      </fields>
      <libsource lib="device" part="C"/>
      <sheetpath names="/bq76930 Analog Front End/" tstamps="/58327F5E/"/>
      <tstamp>584E1DB1</tstamp>
    </comp>
    <comp ref="P301">
      <value>CONN_01X02</value>
      <footprint>hyperCustom:CONN_PHOENIX_1844210_2PIN</footprint>
      <fields>
        <field name="Mfg.">Phoenix</field>
        <field name="Mfg. PN">1844210</field>
        <field name="DigiKey PN">277-2416-ND</field>
      </fields>
      <libsource lib="conn" part="CONN_01X02"/>
      <sheetpath names="/bq76930 Analog Front End/" tstamps="/58327F5E/"/>
      <tstamp>584DFCEE</tstamp>
    </comp>
    <comp ref="TH302">
      <value>10k</value>
      <footprint>Resistors_SMD:R_1206_HandSoldering</footprint>
      <libsource lib="device" part="THERMISTOR"/>
      <sheetpath names="/bq76930 Analog Front End/" tstamps="/58327F5E/"/>
      <tstamp>584E104B</tstamp>
    </comp>
    <comp ref="R318">
      <value>100k</value>
      <footprint>Resistors_SMD:R_0805_HandSoldering</footprint>
      <fields>
        <field name="Mfg.">Vishay Dale</field>
        <field name="Mfg. PN">CRCW0805100KFKEA</field>
        <field name="DigiKey PN">541-100KCCT-ND</field>
      </fields>
      <libsource lib="device" part="R"/>
      <sheetpath names="/bq76930 Analog Front End/" tstamps="/58327F5E/"/>
      <tstamp>584EFBF7</tstamp>
    </comp>
    <comp ref="D303">
      <value>DIODE</value>
      <footprint>hyperCustom:SOD-123</footprint>
      <fields>
        <field name="Mfg.">Diodes</field>
        <field name="Mfg. PN">1N4148W-7-F</field>
        <field name="DigiKey PN">1N4148W-FDICT-ND</field>
      </fields>
      <libsource lib="device" part="DIODE"/>
      <sheetpath names="/bq76930 Analog Front End/" tstamps="/58327F5E/"/>
      <tstamp>584F1413</tstamp>
    </comp>
    <comp ref="P302">
      <value>CONN_01X02</value>
      <footprint>hyperCustom:CONN_PHOENIX_1844210_2PIN</footprint>
      <fields>
        <field name="Mfg.">Phoenix</field>
        <field name="Mfg. PN">1844210</field>
        <field name="DigiKey PN">277-2416-ND</field>
      </fields>
      <libsource lib="conn" part="CONN_01X02"/>
      <sheetpath names="/bq76930 Analog Front End/" tstamps="/58327F5E/"/>
      <tstamp>584F29EC</tstamp>
    </comp>
    <comp ref="R320">
      <value>200</value>
      <footprint>Resistors_SMD:R_0805_HandSoldering</footprint>
      <fields>
        <field name="Mfg.">Vishay Dale</field>
        <field name="Mfg. PN">CRCW0805200RFKEA</field>
        <field name="DigiKey PN">541-200CCT-ND</field>
      </fields>
      <libsource lib="device" part="R"/>
      <sheetpath names="/bq76930 Analog Front End/" tstamps="/58327F5E/"/>
      <tstamp>584F34D7</tstamp>
    </comp>
    <comp ref="D306">
      <value>DIODE</value>
      <footprint>hyperCustom:SOD-123</footprint>
      <fields>
        <field name="Mfg.">Diodes</field>
        <field name="Mfg. PN">1N4148W-7-F</field>
        <field name="DigiKey PN">1N4148W-FDICT-ND</field>
      </fields>
      <libsource lib="device" part="DIODE"/>
      <sheetpath names="/bq76930 Analog Front End/" tstamps="/58327F5E/"/>
      <tstamp>584F411C</tstamp>
    </comp>
    <comp ref="D307">
      <value>DIODE</value>
      <footprint>hyperCustom:SOD-123</footprint>
      <fields>
        <field name="Mfg.">Diodes</field>
        <field name="Mfg. PN">1N4148W-7-F</field>
        <field name="DigiKey PN">1N4148W-FDICT-ND</field>
      </fields>
      <libsource lib="device" part="DIODE"/>
      <sheetpath names="/bq76930 Analog Front End/" tstamps="/58327F5E/"/>
      <tstamp>584F4206</tstamp>
    </comp>
    <comp ref="C321">
      <value>10uF</value>
      <footprint>Capacitors_SMD:C_1210_HandSoldering</footprint>
      <fields>
        <field name="Mfg.">Murata</field>
        <field name="Mfg. PN">GRM32ER7YA106KA12L</field>
        <field name="DigiKey PN">490-5314-1-ND</field>
      </fields>
      <libsource lib="device" part="C"/>
      <sheetpath names="/bq76930 Analog Front End/" tstamps="/58327F5E/"/>
      <tstamp>584F596D</tstamp>
    </comp>
    <comp ref="C323">
      <value>1uF</value>
      <footprint>Capacitors_SMD:C_0805_HandSoldering</footprint>
      <fields>
        <field name="Mfg.">Murata</field>
        <field name="Mfg. PN">GRM21BR71C105KA01L</field>
        <field name="DigiKey PN">490-1691-1-ND</field>
      </fields>
      <libsource lib="device" part="C"/>
      <sheetpath names="/bq76930 Analog Front End/" tstamps="/58327F5E/"/>
      <tstamp>584F5C35</tstamp>
    </comp>
    <comp ref="R326">
      <value>100</value>
      <footprint>Resistors_SMD:R_0805_HandSoldering</footprint>
      <fields>
        <field name="Mfg.">Vishay Dale</field>
        <field name="Mfg. PN">CRCW0805100RFKEA</field>
        <field name="DigiKey PN">541-100CCT-ND</field>
      </fields>
      <libsource lib="device" part="R"/>
      <sheetpath names="/bq76930 Analog Front End/" tstamps="/58327F5E/"/>
      <tstamp>584F632A</tstamp>
    </comp>
    <comp ref="Q303">
      <value>BST82,215</value>
      <footprint>TO_SOT_Packages_SMD:SOT-23_Handsoldering</footprint>
      <fields>
        <field name="Mfg.">NXP</field>
        <field name="Mfg. PN">BST82,215</field>
        <field name="DigiKey PN">568-6229-1-ND</field>
      </fields>
      <libsource lib="BST82,215_nfet" part="BST82,215"/>
      <sheetpath names="/bq76930 Analog Front End/" tstamps="/58327F5E/"/>
      <tstamp>585A4CE9</tstamp>
    </comp>
    <comp ref="Q301">
      <value>AOB290L</value>
      <footprint>TO_SOT_Packages_SMD:TO-263-3Lead</footprint>
      <fields>
        <field name="Mfg.">Alpha &amp; Omega</field>
        <field name="Mfg. PN">AOB290L</field>
        <field name="DigiKey PN">785-1329-1-ND</field>
      </fields>
      <libsource lib="AOB290L_nfet" part="AOB290L"/>
      <sheetpath names="/bq76930 Analog Front End/" tstamps="/58327F5E/"/>
      <tstamp>585A59ED</tstamp>
    </comp>
    <comp ref="Q302">
      <value>AOB290L</value>
      <footprint>TO_SOT_Packages_SMD:TO-263-3Lead</footprint>
      <fields>
        <field name="Mfg.">Alpha &amp; Omega</field>
        <field name="Mfg. PN">AOB290L</field>
        <field name="DigiKey PN">785-1329-1-ND</field>
      </fields>
      <libsource lib="AOB290L_nfet" part="AOB290L"/>
      <sheetpath names="/bq76930 Analog Front End/" tstamps="/58327F5E/"/>
      <tstamp>585A6D46</tstamp>
    </comp>
    <comp ref="Q305">
      <value>BST82,215</value>
      <footprint>TO_SOT_Packages_SMD:SOT-23_Handsoldering</footprint>
      <fields>
        <field name="Mfg.">NXP</field>
        <field name="Mfg. PN">BST82,215</field>
        <field name="DigiKey PN">568-6229-1-ND</field>
      </fields>
      <libsource lib="BST82,215_nfet" part="BST82,215"/>
      <sheetpath names="/bq76930 Analog Front End/" tstamps="/58327F5E/"/>
      <tstamp>586155CF</tstamp>
    </comp>
    <comp ref="D308">
      <value>LED</value>
      <footprint>Diodes_SMD:D_0603</footprint>
      <fields>
        <field name="Mfg.">Lite-On</field>
        <field name="Mfg. PN">LTST-C190KFKT</field>
        <field name="DigiKey PN">160-1434-1-ND</field>
      </fields>
      <libsource lib="device" part="LED"/>
      <sheetpath names="/bq76930 Analog Front End/" tstamps="/58327F5E/"/>
      <tstamp>58615872</tstamp>
    </comp>
    <comp ref="R327">
      <value>698</value>
      <footprint>Resistors_SMD:R_0805_HandSoldering</footprint>
      <fields>
        <field name="Mfg.">Vishay Dale</field>
        <field name="Mfg. PN">CRCW0805698RFKEA</field>
        <field name="DigiKey PN">541-698CCT-ND</field>
      </fields>
      <libsource lib="device" part="R"/>
      <sheetpath names="/bq76930 Analog Front End/" tstamps="/58327F5E/"/>
      <tstamp>58615CF2</tstamp>
    </comp>
    <comp ref="R328">
      <value>49.9k</value>
      <footprint>Resistors_SMD:R_0805_HandSoldering</footprint>
      <fields>
        <field name="Mfg.">Vishay Dale</field>
        <field name="Mfg. PN">CRCW080549K9FKEA</field>
        <field name="DigiKey PN">541-49.9KCCT-ND</field>
      </fields>
      <libsource lib="device" part="R"/>
      <sheetpath names="/bq76930 Analog Front End/" tstamps="/58327F5E/"/>
      <tstamp>586160F2</tstamp>
    </comp>
    <comp ref="D309">
      <value>6.8V</value>
      <footprint>hyperCustom:SOD-123</footprint>
      <fields>
        <field name="Mfg.">Diodes</field>
        <field name="Mfg. PN">MMSZ5235B-7-F</field>
        <field name="DigiKey PN">MMSZ5235B-FDICT-ND</field>
      </fields>
      <libsource lib="device" part="ZENER"/>
      <sheetpath names="/bq76930 Analog Front End/" tstamps="/58327F5E/"/>
      <tstamp>58618908</tstamp>
    </comp>
  </components>
  <libparts>
    <libpart lib="AOB290L_nfet" part="AOB290L">
      <docs>transistors/mos/*.*</docs>
      <fields>
        <field name="Reference">Q</field>
        <field name="Value">AOB290L</field>
      </fields>
      <pins>
        <pin num="1" name="G" type="input"/>
        <pin num="2" name="D" type="passive"/>
        <pin num="3" name="S" type="passive"/>
      </pins>
    </libpart>
    <libpart lib="BST82,215_nfet" part="BST82,215">
      <docs>transistors/mos/*.*</docs>
      <fields>
        <field name="Reference">Q</field>
        <field name="Value">BST82,215</field>
      </fields>
      <pins>
        <pin num="1" name="G" type="input"/>
        <pin num="2" name="S" type="passive"/>
        <pin num="3" name="D" type="passive"/>
      </pins>
    </libpart>
    <libpart lib="device" part="C">
      <description>Condensateur non polarise</description>
      <footprints>
        <fp>SM*</fp>
        <fp>C?</fp>
        <fp>C1-1</fp>
      </footprints>
      <fields>
        <field name="Reference">C</field>
        <field name="Value">C</field>
      </fields>
      <pins>
        <pin num="1" name="~" type="passive"/>
        <pin num="2" name="~" type="passive"/>
      </pins>
    </libpart>
    <libpart lib="conn" part="CONN_01X02">
      <footprints>
        <fp>Pin_Header_Straight_1X02</fp>
        <fp>Pin_Header_Angled_1X02</fp>
        <fp>Socket_Strip_Straight_1X02</fp>
        <fp>Socket_Strip_Angled_1X02</fp>
      </footprints>
      <fields>
        <field name="Reference">P</field>
        <field name="Value">CONN_01X02</field>
      </fields>
      <pins>
        <pin num="1" name="P1" type="passive"/>
        <pin num="2" name="P2" type="passive"/>
      </pins>
    </libpart>
    <libpart lib="conn" part="CONN_01X04">
      <footprints>
        <fp>Pin_Header_Straight_1X04</fp>
        <fp>Pin_Header_Angled_1X04</fp>
        <fp>Socket_Strip_Straight_1X04</fp>
        <fp>Socket_Strip_Angled_1X04</fp>
      </footprints>
      <fields>
        <field name="Reference">P</field>
        <field name="Value">CONN_01X04</field>
      </fields>
      <pins>
        <pin num="1" name="P1" type="passive"/>
        <pin num="2" name="P2" type="passive"/>
        <pin num="3" name="P3" type="passive"/>
        <pin num="4" name="P4" type="passive"/>
      </pins>
    </libpart>
    <libpart lib="conn" part="CONN_01X11">
      <footprints>
        <fp>Pin_Header_Straight_1X11</fp>
        <fp>Pin_Header_Angled_1X11</fp>
        <fp>Socket_Strip_Straight_1X11</fp>
        <fp>Socket_Strip_Angled_1X11</fp>
      </footprints>
      <fields>
        <field name="Reference">P</field>
        <field name="Value">CONN_01X11</field>
      </fields>
      <pins>
        <pin num="1" name="P1" type="passive"/>
        <pin num="2" name="P2" type="passive"/>
        <pin num="3" name="P3" type="passive"/>
        <pin num="4" name="P4" type="passive"/>
        <pin num="5" name="P5" type="passive"/>
        <pin num="6" name="P6" type="passive"/>
        <pin num="7" name="P7" type="passive"/>
        <pin num="8" name="P8" type="passive"/>
        <pin num="9" name="P9" type="passive"/>
        <pin num="10" name="P10" type="passive"/>
        <pin num="11" name="P11" type="passive"/>
      </pins>
    </libpart>
    <libpart lib="device" part="DIODE">
      <description>Diode simple</description>
      <footprints>
        <fp>D?</fp>
        <fp>S*</fp>
      </footprints>
      <fields>
        <field name="Reference">D</field>
        <field name="Value">DIODE</field>
      </fields>
      <pins>
        <pin num="1" name="K" type="passive"/>
        <pin num="2" name="A" type="passive"/>
      </pins>
    </libpart>
    <libpart lib="diode_pin" part="DIODE_PIN">
      <description>Diode simple</description>
      <footprints>
        <fp>D?</fp>
        <fp>S*</fp>
      </footprints>
      <fields>
        <field name="Reference">D</field>
        <field name="Value">DIODE_PIN</field>
      </fields>
      <pins>
        <pin num="1" name="A" type="passive"/>
        <pin num="2" name="K" type="passive"/>
      </pins>
    </libpart>
    <libpart lib="device" part="LED">
      <footprints>
        <fp>LED-3MM</fp>
        <fp>LED-5MM</fp>
        <fp>LED-10MM</fp>
        <fp>LED-0603</fp>
        <fp>LED-0805</fp>
        <fp>LED-1206</fp>
        <fp>LEDV</fp>
      </footprints>
      <fields>
        <field name="Reference">D</field>
        <field name="Value">LED</field>
      </fields>
      <pins>
        <pin num="1" name="A" type="passive"/>
        <pin num="2" name="K" type="passive"/>
      </pins>
    </libpart>
    <libpart lib="mmbta92fsct-nd" part="MMBTA92FSCT-ND">
      <description>2SA1016, 50V Vce, 0.15A Ic, Low Noise Audio PNP Transistor, TO-92</description>
      <docs>http://www.datasheetcatalog.org/datasheet/toshiba/905.pdf</docs>
      <footprints>
        <fp>TO92*</fp>
      </footprints>
      <fields>
        <field name="Reference">Q</field>
        <field name="Value">MMBTA92FSCT-ND</field>
        <field name="Footprint">TO92</field>
      </fields>
      <pins>
        <pin num="1" name="B" type="input"/>
        <pin num="2" name="E" type="passive"/>
        <pin num="3" name="C" type="passive"/>
      </pins>
    </libpart>
    <libpart lib="mounting_hole" part="MOUNTING_HOLE">
      <fields>
        <field name="Reference">J</field>
        <field name="Value">MOUNTING_HOLE</field>
      </fields>
      <pins>
        <pin num="1" name="~" type="input"/>
      </pins>
    </libpart>
    <libpart lib="mos_p_pinnums" part="PFET">
      <docs>transistors/mos/*.*</docs>
      <fields>
        <field name="Reference">Q</field>
        <field name="Value">PFET</field>
      </fields>
      <pins>
        <pin num="1" name="G" type="input"/>
        <pin num="2" name="S" type="passive"/>
        <pin num="3" name="D" type="passive"/>
      </pins>
    </libpart>
    <libpart lib="device" part="R">
      <description>Resistance</description>
      <footprints>
        <fp>R?</fp>
        <fp>SM0603</fp>
        <fp>SM0805</fp>
        <fp>R?-*</fp>
        <fp>SM1206</fp>
      </footprints>
      <fields>
        <field name="Reference">R</field>
        <field name="Value">R</field>
      </fields>
      <pins>
        <pin num="1" name="~" type="passive"/>
        <pin num="2" name="~" type="passive"/>
      </pins>
    </libpart>
    <libpart lib="device" part="SW_PUSH">
      <description>Push Button</description>
      <fields>
        <field name="Reference">SW</field>
        <field name="Value">SW_PUSH</field>
      </fields>
      <pins>
        <pin num="1" name="1" type="passive"/>
        <pin num="2" name="2" type="passive"/>
      </pins>
    </libpart>
    <libpart lib="device" part="THERMISTOR">
      <description>Resistance</description>
      <footprints>
        <fp>R?</fp>
        <fp>SM0603</fp>
        <fp>SM0805</fp>
      </footprints>
      <fields>
        <field name="Reference">TH</field>
        <field name="Value">THERMISTOR</field>
      </fields>
      <pins>
        <pin num="1" name="~" type="passive"/>
        <pin num="2" name="~" type="passive"/>
      </pins>
    </libpart>
    <libpart lib="device" part="ZENER">
      <description>Diode zener</description>
      <footprints>
        <fp>D?</fp>
        <fp>SO*</fp>
        <fp>SM*</fp>
      </footprints>
      <fields>
        <field name="Reference">D</field>
        <field name="Value">ZENER</field>
      </fields>
      <pins>
        <pin num="1" name="A" type="passive"/>
        <pin num="2" name="K" type="passive"/>
      </pins>
    </libpart>
    <libpart lib="BatteryBoard-rescue" part="ZENER-RESCUE-BatteryBoard">
      <footprints>
        <fp>D?</fp>
        <fp>SO*</fp>
        <fp>SM*</fp>
      </footprints>
      <fields>
        <field name="Reference">D</field>
        <field name="Value">ZENER-RESCUE-BatteryBoard</field>
      </fields>
      <pins>
        <pin num="1" name="K" type="passive"/>
        <pin num="2" name="A" type="passive"/>
      </pins>
    </libpart>
    <libpart lib="bq76930" part="bq76930">
      <fields>
        <field name="Reference">U</field>
        <field name="Value">bq76930</field>
      </fields>
      <pins>
        <pin num="1" name="DSG" type="input"/>
        <pin num="2" name="CHG" type="input"/>
        <pin num="3" name="VSS" type="input"/>
        <pin num="4" name="SDA" type="input"/>
        <pin num="5" name="SCL" type="input"/>
        <pin num="6" name="TS1" type="input"/>
        <pin num="7" name="CAP1" type="input"/>
        <pin num="8" name="REGOUT" type="input"/>
        <pin num="9" name="REGSRC" type="input"/>
        <pin num="10" name="VC5x" type="input"/>
        <pin num="11" name="NC" type="input"/>
        <pin num="12" name="NC" type="input"/>
        <pin num="13" name="TS2" type="input"/>
        <pin num="14" name="CAP2" type="input"/>
        <pin num="15" name="BAT" type="input"/>
        <pin num="16" name="VC10" type="input"/>
        <pin num="17" name="VC9" type="input"/>
        <pin num="18" name="VC8" type="input"/>
        <pin num="19" name="VC7" type="input"/>
        <pin num="20" name="VC6" type="input"/>
        <pin num="21" name="VC5B" type="input"/>
        <pin num="22" name="VC5" type="input"/>
        <pin num="23" name="VC4" type="input"/>
        <pin num="24" name="VC3" type="input"/>
        <pin num="25" name="VC2" type="input"/>
        <pin num="26" name="VC1" type="input"/>
        <pin num="27" name="VC0" type="input"/>
        <pin num="28" name="SRP" type="input"/>
        <pin num="29" name="SRN" type="input"/>
        <pin num="30" name="ALERT" type="input"/>
      </pins>
    </libpart>
    <libpart lib="bq78350" part="bq78350">
      <fields>
        <field name="Reference">U</field>
        <field name="Value">bq78350</field>
      </fields>
      <pins>
        <pin num="1" name="COM" type="input"/>
        <pin num="2" name="ALERT" type="input"/>
        <pin num="3" name="SDA" type="input"/>
        <pin num="4" name="SCL" type="input"/>
        <pin num="5" name="~PRECHG" type="input"/>
        <pin num="6" name="VAUX" type="input"/>
        <pin num="7" name="BAT" type="input"/>
        <pin num="8" name="~PRES" type="input"/>
        <pin num="9" name="~KEYIN" type="input"/>
        <pin num="10" name="SAFE" type="input"/>
        <pin num="11" name="SMBD" type="input"/>
        <pin num="12" name="VEN" type="input"/>
        <pin num="13" name="SMBC" type="input"/>
        <pin num="14" name="~DISP" type="input"/>
        <pin num="15" name="PWRM" type="input"/>
        <pin num="16" name="LED1" type="input"/>
        <pin num="17" name="LED2" type="input"/>
        <pin num="18" name="LED3" type="input"/>
        <pin num="19" name="LED4" type="input"/>
        <pin num="20" name="LED5" type="input"/>
        <pin num="21" name="GPIO_A" type="input"/>
        <pin num="22" name="VSS" type="input"/>
        <pin num="23" name="VSS" type="input"/>
        <pin num="24" name="~MRST" type="input"/>
        <pin num="25" name="VSS" type="input"/>
        <pin num="26" name="VCC" type="input"/>
        <pin num="27" name="RBI" type="input"/>
        <pin num="28" name="GPIO_B" type="input"/>
        <pin num="29" name="ADREN" type="input"/>
        <pin num="30" name="SMBA" type="input"/>
      </pins>
    </libpart>
  </libparts>
  <libraries>
    <library logical="mounting_hole">
      <uri>/Users/jmassucco17/Documents/Northeastern/Past Semesters/2016 Fall/OpenLoop/full_electrical/BatteryBoard/mounting_hole.lib</uri>
    </library>
    <library logical="bq76930">
      <uri>/Users/jmassucco17/Documents/Northeastern/Past Semesters/2016 Fall/OpenLoop/full_electrical/BatteryBoard/bq76930.lib</uri>
    </library>
    <library logical="diode_pin">
      <uri>/Users/jmassucco17/Documents/Northeastern/Past Semesters/2016 Fall/OpenLoop/full_electrical/BatteryBoard/diode_pin.lib</uri>
    </library>
    <library logical="mos_p_pinnums">
      <uri>/Users/jmassucco17/Documents/Northeastern/Past Semesters/2016 Fall/OpenLoop/full_electrical/BatteryBoard/mos_p_pinnums.lib</uri>
    </library>
    <library logical="mmbta92fsct-nd">
      <uri>/Users/jmassucco17/Documents/Northeastern/Past Semesters/2016 Fall/OpenLoop/full_electrical/BatteryBoard/mmbta92fsct-nd.lib</uri>
    </library>
    <library logical="bq78350">
      <uri>/Users/jmassucco17/Documents/Northeastern/Past Semesters/2016 Fall/OpenLoop/full_electrical/BatteryBoard/bq78350.lib</uri>
    </library>
    <library logical="BST82,215_nfet">
      <uri>/Users/jmassucco17/Documents/Northeastern/Past Semesters/2016 Fall/OpenLoop/full_electrical/BatteryBoard/BST82,215_nfet.lib</uri>
    </library>
    <library logical="AOB290L_nfet">
      <uri>/Users/jmassucco17/Documents/Northeastern/Past Semesters/2016 Fall/OpenLoop/full_electrical/BatteryBoard/AOB290L_nfet.lib</uri>
    </library>
    <library logical="device">
      <uri>/Users/jmassucco17/Library/Application Support/kicad/library/device.lib</uri>
    </library>
    <library logical="conn">
      <uri>/Users/jmassucco17/Library/Application Support/kicad/library/conn.lib</uri>
    </library>
    <library logical="BatteryBoard-rescue">
      <uri>/Users/jmassucco17/Documents/Northeastern/Past Semesters/2016 Fall/OpenLoop/full_electrical/BatteryBoard/BatteryBoard-rescue.lib</uri>
    </library>
  </libraries>
  <nets>
    <net code="1" name="Net-(J104-Pad1)">
      <node ref="R101" pin="2"/>
      <node ref="J104" pin="1"/>
    </net>
    <net code="2" name="Net-(J104-Pad2)">
      <node ref="R102" pin="2"/>
      <node ref="J104" pin="2"/>
    </net>
    <net code="3" name="Net-(J104-Pad3)">
      <node ref="R103" pin="2"/>
      <node ref="J104" pin="3"/>
    </net>
    <net code="4" name="Net-(J104-Pad4)">
      <node ref="R104" pin="2"/>
      <node ref="J104" pin="4"/>
    </net>
    <net code="5" name="/bq78350 Companion Controller/SMBD_O">
      <node ref="R224" pin="1"/>
      <node ref="R101" pin="1"/>
    </net>
    <net code="6" name="/bq78350 Companion Controller/SMBC_O">
      <node ref="R225" pin="1"/>
      <node ref="R102" pin="1"/>
    </net>
    <net code="7" name="/bq76930 Analog Front End/C9">
      <node ref="R302" pin="1"/>
      <node ref="J101" pin="2"/>
    </net>
    <net code="8" name="/bq76930 Analog Front End/C8">
      <node ref="J101" pin="3"/>
      <node ref="R303" pin="1"/>
    </net>
    <net code="9" name="/bq76930 Analog Front End/C7">
      <node ref="J101" pin="4"/>
      <node ref="R304" pin="1"/>
    </net>
    <net code="10" name="/bq76930 Analog Front End/C6">
      <node ref="J101" pin="5"/>
      <node ref="R305" pin="1"/>
    </net>
    <net code="11" name="/bq76930 Analog Front End/C5">
      <node ref="R307" pin="1"/>
      <node ref="R306" pin="1"/>
      <node ref="J101" pin="6"/>
      <node ref="R326" pin="1"/>
    </net>
    <net code="12" name="/bq76930 Analog Front End/C4">
      <node ref="R308" pin="1"/>
      <node ref="J101" pin="7"/>
    </net>
    <net code="13" name="/bq76930 Analog Front End/C2">
      <node ref="J101" pin="9"/>
      <node ref="R310" pin="1"/>
    </net>
    <net code="14" name="/bq76930 Analog Front End/C1">
      <node ref="J101" pin="10"/>
      <node ref="R311" pin="1"/>
    </net>
    <net code="15" name="Net-(D101-Pad2)">
      <node ref="D101" pin="2"/>
      <node ref="R105" pin="2"/>
      <node ref="J103" pin="2"/>
    </net>
    <net code="16" name="GND">
      <node ref="C322" pin="2"/>
      <node ref="R312" pin="1"/>
      <node ref="D302" pin="2"/>
      <node ref="C318" pin="2"/>
      <node ref="TH301" pin="2"/>
      <node ref="C324" pin="1"/>
      <node ref="C321" pin="2"/>
      <node ref="D309" pin="2"/>
      <node ref="D308" pin="1"/>
      <node ref="C315" pin="1"/>
      <node ref="C312" pin="2"/>
      <node ref="C311" pin="1"/>
      <node ref="C316" pin="2"/>
      <node ref="R316" pin="2"/>
      <node ref="P301" pin="2"/>
      <node ref="Q204" pin="2"/>
      <node ref="SW201" pin="2"/>
      <node ref="C203" pin="1"/>
      <node ref="R229" pin="2"/>
      <node ref="R209" pin="1"/>
      <node ref="C201" pin="1"/>
      <node ref="C202" pin="2"/>
      <node ref="R222" pin="2"/>
      <node ref="U201" pin="22"/>
      <node ref="Q304" pin="1"/>
      <node ref="R314" pin="1"/>
      <node ref="R313" pin="2"/>
      <node ref="C313" pin="1"/>
      <node ref="U101" pin="3"/>
      <node ref="R215" pin="1"/>
      <node ref="R214" pin="1"/>
      <node ref="R213" pin="1"/>
      <node ref="R212" pin="1"/>
      <node ref="R211" pin="1"/>
      <node ref="R210" pin="1"/>
      <node ref="U201" pin="25"/>
      <node ref="U201" pin="23"/>
      <node ref="J102" pin="2"/>
      <node ref="R103" pin="1"/>
      <node ref="R104" pin="1"/>
      <node ref="J101" pin="11"/>
      <node ref="J105" pin="1"/>
      <node ref="J106" pin="1"/>
      <node ref="J107" pin="1"/>
      <node ref="J108" pin="1"/>
    </net>
    <net code="17" name="/bq76930 Analog Front End/C3">
      <node ref="J101" pin="8"/>
      <node ref="R309" pin="1"/>
    </net>
    <net code="18" name="/bq76930 Analog Front End/VCC">
      <node ref="R232" pin="1"/>
      <node ref="R230" pin="1"/>
      <node ref="D209" pin="2"/>
      <node ref="Q201" pin="2"/>
      <node ref="D210" pin="2"/>
      <node ref="U101" pin="8"/>
      <node ref="R228" pin="1"/>
      <node ref="R218" pin="1"/>
      <node ref="R220" pin="1"/>
      <node ref="C201" pin="2"/>
      <node ref="R204" pin="1"/>
      <node ref="R231" pin="1"/>
      <node ref="D207" pin="2"/>
      <node ref="D205" pin="2"/>
      <node ref="U201" pin="26"/>
      <node ref="D208" pin="2"/>
      <node ref="R201" pin="1"/>
      <node ref="C322" pin="1"/>
    </net>
    <net code="19" name="/bq76930 Analog Front End/SDA">
      <node ref="R201" pin="2"/>
      <node ref="R206" pin="1"/>
      <node ref="U101" pin="4"/>
    </net>
    <net code="20" name="/bq76930 Analog Front End/SCL">
      <node ref="U101" pin="5"/>
      <node ref="R204" pin="2"/>
      <node ref="R207" pin="1"/>
    </net>
    <net code="21" name="/bq76930 Analog Front End/ALERT">
      <node ref="R316" pin="1"/>
      <node ref="C316" pin="1"/>
      <node ref="U201" pin="2"/>
      <node ref="U101" pin="30"/>
    </net>
    <net code="22" name="/bq76930 Analog Front End/PRECHG">
      <node ref="R203" pin="2"/>
      <node ref="Q301" pin="2"/>
      <node ref="Q302" pin="2"/>
    </net>
    <net code="23" name="/bq78350 Companion Controller/PACK_NEG">
      <node ref="J103" pin="1"/>
      <node ref="D202" pin="2"/>
      <node ref="D305" pin="2"/>
      <node ref="Q302" pin="3"/>
      <node ref="D301" pin="2"/>
      <node ref="R208" pin="2"/>
      <node ref="R223" pin="2"/>
      <node ref="R219" pin="2"/>
      <node ref="D203" pin="2"/>
      <node ref="R323" pin="2"/>
      <node ref="Q202" pin="2"/>
      <node ref="C319" pin="2"/>
      <node ref="D204" pin="2"/>
    </net>
    <net code="24" name="/PACK_POS">
      <node ref="R226" pin="1"/>
      <node ref="R105" pin="1"/>
      <node ref="D206" pin="1"/>
      <node ref="D301" pin="1"/>
      <node ref="R324" pin="1"/>
      <node ref="J101" pin="1"/>
      <node ref="D302" pin="1"/>
      <node ref="Q203" pin="2"/>
      <node ref="D101" pin="1"/>
      <node ref="R301" pin="1"/>
      <node ref="R320" pin="1"/>
      <node ref="J102" pin="1"/>
      <node ref="Q305" pin="3"/>
      <node ref="R328" pin="1"/>
    </net>
    <net code="25" name="Net-(C314-Pad2)">
      <node ref="R315" pin="1"/>
      <node ref="C315" pin="2"/>
      <node ref="C314" pin="2"/>
      <node ref="U101" pin="29"/>
    </net>
    <net code="26" name="Net-(C313-Pad2)">
      <node ref="U101" pin="28"/>
      <node ref="R313" pin="1"/>
      <node ref="C313" pin="2"/>
      <node ref="C314" pin="1"/>
    </net>
    <net code="27" name="Net-(Q304-Pad2)">
      <node ref="U101" pin="2"/>
      <node ref="Q304" pin="2"/>
    </net>
    <net code="28" name="/bq76930 Analog Front End/VC5B">
      <node ref="C306" pin="1"/>
      <node ref="U101" pin="21"/>
      <node ref="R306" pin="2"/>
    </net>
    <net code="29" name="/bq76930 Analog Front End/VC5">
      <node ref="D307" pin="2"/>
      <node ref="U101" pin="22"/>
      <node ref="C307" pin="2"/>
      <node ref="R307" pin="2"/>
    </net>
    <net code="30" name="/bq76930 Analog Front End/VC5x">
      <node ref="U101" pin="10"/>
      <node ref="TH302" pin="2"/>
      <node ref="Q303" pin="1"/>
      <node ref="R326" pin="2"/>
      <node ref="C320" pin="2"/>
      <node ref="C323" pin="1"/>
      <node ref="C321" pin="1"/>
      <node ref="D307" pin="1"/>
      <node ref="P302" pin="2"/>
      <node ref="C305" pin="1"/>
      <node ref="C306" pin="2"/>
    </net>
    <net code="31" name="Net-(D304-Pad1)">
      <node ref="D305" pin="1"/>
      <node ref="Q302" pin="1"/>
      <node ref="R322" pin="2"/>
      <node ref="D304" pin="1"/>
      <node ref="R323" pin="1"/>
    </net>
    <net code="32" name="/bq76930 Analog Front End/CAP2">
      <node ref="C323" pin="2"/>
      <node ref="U101" pin="11"/>
      <node ref="U101" pin="12"/>
      <node ref="U101" pin="14"/>
    </net>
    <net code="33" name="/bq76930 Analog Front End/VC2">
      <node ref="U101" pin="25"/>
      <node ref="C310" pin="2"/>
      <node ref="R310" pin="2"/>
      <node ref="C309" pin="1"/>
    </net>
    <net code="34" name="/bq76930 Analog Front End/VC1">
      <node ref="C311" pin="2"/>
      <node ref="R325" pin="1"/>
      <node ref="C310" pin="1"/>
      <node ref="R311" pin="2"/>
      <node ref="U101" pin="26"/>
    </net>
    <net code="35" name="/bq76930 Analog Front End/VC0">
      <node ref="R312" pin="2"/>
      <node ref="U101" pin="27"/>
      <node ref="C312" pin="1"/>
    </net>
    <net code="36" name="/bq76930 Analog Front End/BAT">
      <node ref="D306" pin="1"/>
      <node ref="U101" pin="15"/>
      <node ref="C320" pin="1"/>
      <node ref="R324" pin="2"/>
    </net>
    <net code="37" name="/bq76930 Analog Front End/VC10">
      <node ref="R301" pin="2"/>
      <node ref="C301" pin="2"/>
      <node ref="D306" pin="2"/>
      <node ref="U101" pin="16"/>
    </net>
    <net code="38" name="/bq76930 Analog Front End/TS2">
      <node ref="U101" pin="13"/>
      <node ref="TH302" pin="1"/>
      <node ref="P302" pin="1"/>
    </net>
    <net code="39" name="/bq76930 Analog Front End/CAP1">
      <node ref="C324" pin="2"/>
      <node ref="U101" pin="7"/>
    </net>
    <net code="40" name="/bq76930 Analog Front End/TS1">
      <node ref="U101" pin="6"/>
      <node ref="P301" pin="1"/>
      <node ref="TH301" pin="1"/>
      <node ref="SW301" pin="2"/>
    </net>
    <net code="41" name="/bq76930 Analog Front End/VC3">
      <node ref="C309" pin="2"/>
      <node ref="R309" pin="2"/>
      <node ref="C308" pin="1"/>
      <node ref="U101" pin="24"/>
    </net>
    <net code="42" name="/bq76930 Analog Front End/VC4">
      <node ref="C307" pin="1"/>
      <node ref="R308" pin="2"/>
      <node ref="U101" pin="23"/>
      <node ref="C308" pin="2"/>
    </net>
    <net code="43" name="/bq76930 Analog Front End/VC8">
      <node ref="R303" pin="2"/>
      <node ref="U101" pin="18"/>
      <node ref="C303" pin="2"/>
      <node ref="C302" pin="1"/>
    </net>
    <net code="44" name="/bq76930 Analog Front End/VC9">
      <node ref="U101" pin="17"/>
      <node ref="R302" pin="2"/>
      <node ref="C301" pin="1"/>
      <node ref="C302" pin="2"/>
    </net>
    <net code="45" name="/bq76930 Analog Front End/VC7">
      <node ref="R304" pin="2"/>
      <node ref="U101" pin="19"/>
      <node ref="C304" pin="2"/>
      <node ref="C303" pin="1"/>
    </net>
    <net code="46" name="/bq76930 Analog Front End/VC6">
      <node ref="U101" pin="20"/>
      <node ref="R305" pin="2"/>
      <node ref="C304" pin="1"/>
      <node ref="C305" pin="2"/>
    </net>
    <net code="47" name="/bq76930 Analog Front End/REGSRC">
      <node ref="R318" pin="2"/>
      <node ref="C318" pin="1"/>
      <node ref="U101" pin="9"/>
      <node ref="D303" pin="1"/>
    </net>
    <net code="48" name="Net-(D303-Pad2)">
      <node ref="R318" pin="1"/>
      <node ref="Q303" pin="2"/>
      <node ref="D303" pin="2"/>
    </net>
    <net code="49" name="Net-(Q304-Pad3)">
      <node ref="R321" pin="1"/>
      <node ref="Q304" pin="3"/>
    </net>
    <net code="50" name="Net-(D304-Pad2)">
      <node ref="R322" pin="1"/>
      <node ref="R321" pin="2"/>
      <node ref="D304" pin="2"/>
    </net>
    <net code="51" name="Net-(D309-Pad1)">
      <node ref="D309" pin="1"/>
      <node ref="Q305" pin="1"/>
      <node ref="R328" pin="2"/>
    </net>
    <net code="52" name="Net-(Q305-Pad2)">
      <node ref="Q305" pin="2"/>
      <node ref="R327" pin="1"/>
    </net>
    <net code="53" name="Net-(D308-Pad2)">
      <node ref="R327" pin="2"/>
      <node ref="D308" pin="2"/>
    </net>
    <net code="54" name="Net-(Q303-Pad3)">
      <node ref="R320" pin="2"/>
      <node ref="Q303" pin="3"/>
    </net>
    <net code="55" name="Net-(R319-Pad1)">
      <node ref="R319" pin="1"/>
      <node ref="U101" pin="1"/>
    </net>
    <net code="56" name="Net-(Q301-Pad1)">
      <node ref="R317" pin="1"/>
      <node ref="R319" pin="2"/>
      <node ref="Q301" pin="1"/>
    </net>
    <net code="57" name="Net-(C317-Pad1)">
      <node ref="C317" pin="1"/>
      <node ref="R315" pin="2"/>
      <node ref="Q301" pin="3"/>
      <node ref="R314" pin="2"/>
      <node ref="R317" pin="2"/>
    </net>
    <net code="58" name="Net-(C317-Pad2)">
      <node ref="C317" pin="2"/>
      <node ref="C319" pin="1"/>
    </net>
    <net code="59" name="Net-(R325-Pad2)">
      <node ref="R325" pin="2"/>
      <node ref="SW301" pin="1"/>
    </net>
    <net code="60" name="Net-(D202-Pad1)">
      <node ref="R205" pin="1"/>
      <node ref="R208" pin="1"/>
      <node ref="D202" pin="1"/>
      <node ref="Q202" pin="1"/>
    </net>
    <net code="61" name="Net-(Q202-Pad3)">
      <node ref="Q202" pin="3"/>
      <node ref="R203" pin="1"/>
    </net>
    <net code="62" name="/bq78350 Companion Controller/VAUX">
      <node ref="U201" pin="6"/>
      <node ref="R209" pin="2"/>
    </net>
    <net code="63" name="/bq78350 Companion Controller/~PRES">
      <node ref="U201" pin="8"/>
      <node ref="R210" pin="2"/>
    </net>
    <net code="64" name="/bq78350 Companion Controller/BAT">
      <node ref="R221" pin="2"/>
      <node ref="C202" pin="1"/>
      <node ref="U201" pin="7"/>
      <node ref="R222" pin="1"/>
    </net>
    <net code="65" name="/bq78350 Companion Controller/~PRECHG">
      <node ref="U201" pin="5"/>
      <node ref="R202" pin="2"/>
    </net>
    <net code="66" name="Net-(D201-Pad2)">
      <node ref="Q201" pin="3"/>
      <node ref="D201" pin="2"/>
    </net>
    <net code="67" name="Net-(Q201-Pad1)">
      <node ref="R202" pin="1"/>
      <node ref="Q201" pin="1"/>
    </net>
    <net code="68" name="Net-(D201-Pad1)">
      <node ref="D201" pin="1"/>
      <node ref="R205" pin="2"/>
    </net>
    <net code="69" name="/bq78350 Companion Controller/~DISP">
      <node ref="SW201" pin="1"/>
      <node ref="U201" pin="14"/>
      <node ref="R232" pin="2"/>
    </net>
    <net code="70" name="/bq78350 Companion Controller/LED5">
      <node ref="U201" pin="20"/>
      <node ref="D210" pin="1"/>
    </net>
    <net code="71" name="/bq78350 Companion Controller/LED4">
      <node ref="D209" pin="1"/>
      <node ref="U201" pin="19"/>
    </net>
    <net code="72" name="/bq78350 Companion Controller/LED3">
      <node ref="D208" pin="1"/>
      <node ref="U201" pin="18"/>
    </net>
    <net code="73" name="/bq78350 Companion Controller/KEYIN">
      <node ref="R211" pin="2"/>
      <node ref="U201" pin="9"/>
    </net>
    <net code="74" name="/bq78350 Companion Controller/SMBA">
      <node ref="U201" pin="30"/>
      <node ref="R229" pin="1"/>
      <node ref="R230" pin="2"/>
    </net>
    <net code="75" name="Net-(U201-Pad1)">
      <node ref="U201" pin="1"/>
    </net>
    <net code="76" name="/bq78350 Companion Controller/GPIO_B">
      <node ref="R212" pin="2"/>
      <node ref="U201" pin="28"/>
    </net>
    <net code="77" name="/bq78350 Companion Controller/SMBD">
      <node ref="R216" pin="2"/>
      <node ref="U201" pin="11"/>
    </net>
    <net code="78" name="/bq78350 Companion Controller/VEN">
      <node ref="U201" pin="12"/>
      <node ref="R228" pin="2"/>
      <node ref="Q204" pin="1"/>
    </net>
    <net code="79" name="/bq78350 Companion Controller/SMBC">
      <node ref="R217" pin="2"/>
      <node ref="U201" pin="13"/>
    </net>
    <net code="80" name="/bq78350 Companion Controller/PWRM">
      <node ref="U201" pin="15"/>
      <node ref="R214" pin="2"/>
    </net>
    <net code="81" name="Net-(U201-Pad29)">
      <node ref="U201" pin="29"/>
    </net>
    <net code="82" name="/bq78350 Companion Controller/SDA_R">
      <node ref="U201" pin="3"/>
      <node ref="R206" pin="2"/>
    </net>
    <net code="83" name="/bq78350 Companion Controller/SCL_R">
      <node ref="R207" pin="2"/>
      <node ref="U201" pin="4"/>
    </net>
    <net code="84" name="/bq78350 Companion Controller/SAFE">
      <node ref="U201" pin="10"/>
      <node ref="R213" pin="2"/>
    </net>
    <net code="85" name="/bq78350 Companion Controller/LED2">
      <node ref="U201" pin="17"/>
      <node ref="D207" pin="1"/>
    </net>
    <net code="86" name="/bq78350 Companion Controller/LED1">
      <node ref="U201" pin="16"/>
      <node ref="D205" pin="1"/>
    </net>
    <net code="87" name="/bq78350 Companion Controller/RBI">
      <node ref="U201" pin="27"/>
      <node ref="C203" pin="2"/>
    </net>
    <net code="88" name="/bq78350 Companion Controller/~MRST">
      <node ref="R231" pin="2"/>
      <node ref="U201" pin="24"/>
    </net>
    <net code="89" name="/bq78350 Companion Controller/GPIO_A">
      <node ref="U201" pin="21"/>
      <node ref="R215" pin="2"/>
    </net>
    <net code="90" name="Net-(D203-Pad1)">
      <node ref="D203" pin="1"/>
      <node ref="R219" pin="1"/>
      <node ref="R216" pin="1"/>
      <node ref="R224" pin="2"/>
      <node ref="R218" pin="2"/>
    </net>
    <net code="91" name="Net-(D204-Pad1)">
      <node ref="R217" pin="1"/>
      <node ref="R223" pin="1"/>
      <node ref="D204" pin="1"/>
      <node ref="R220" pin="2"/>
      <node ref="R225" pin="2"/>
    </net>
    <net code="92" name="Net-(Q204-Pad3)">
      <node ref="Q204" pin="3"/>
      <node ref="R227" pin="2"/>
    </net>
    <net code="93" name="Net-(Q203-Pad3)">
      <node ref="R221" pin="1"/>
      <node ref="Q203" pin="3"/>
    </net>
    <net code="94" name="Net-(D206-Pad2)">
      <node ref="D206" pin="2"/>
      <node ref="R226" pin="2"/>
      <node ref="R227" pin="1"/>
      <node ref="Q203" pin="1"/>
    </net>
  </nets>
</export>
